model_key,iso3,country_name,b0p1,b1p0,n_discordant,p_raw,p_adj,test
chatgpt_4o,ABW,Aruba,0,0,0,1.0,0.004016064257028112,mcnemar
chatgpt_4o,AFG,Afghanistan,0,0,0,1.0,0.008032128514056224,mcnemar
chatgpt_4o,AGO,Angola,0,0,0,1.0,0.012048192771084338,mcnemar
chatgpt_4o,AIA,Anguilla,0,0,0,1.0,0.01606425702811245,mcnemar
chatgpt_4o,ALA,Åland Islands,0,0,0,1.0,0.020080321285140562,mcnemar
chatgpt_4o,ALB,Albania,0,0,0,1.0,0.024096385542168676,mcnemar
chatgpt_4o,AND,Andorra,0,0,0,1.0,0.028112449799196786,mcnemar
chatgpt_4o,ARE,United Arab Emirates,0,0,0,1.0,0.0321285140562249,mcnemar
chatgpt_4o,ARG,Argentina,0,0,0,1.0,0.03614457831325301,mcnemar
chatgpt_4o,ARM,Armenia,0,0,0,1.0,0.040160642570281124,mcnemar
chatgpt_4o,ASM,American Samoa,0,0,0,1.0,0.04417670682730924,mcnemar
chatgpt_4o,ATA,Antarctica,0,0,0,1.0,0.04819277108433735,mcnemar
chatgpt_4o,ATF,French Southern Territories,0,0,0,1.0,0.05220883534136546,mcnemar
chatgpt_4o,ATG,Antigua and Barbuda,0,0,0,1.0,0.05622489959839357,mcnemar
chatgpt_4o,AUS,Australia,0,0,0,1.0,0.060240963855421686,mcnemar
chatgpt_4o,AUT,Austria,0,0,0,1.0,0.0642570281124498,mcnemar
chatgpt_4o,AZE,Azerbaijan,0,0,0,1.0,0.06827309236947791,mcnemar
chatgpt_4o,BDI,Burundi,0,0,0,1.0,0.07228915662650602,mcnemar
chatgpt_4o,BEL,Belgium,0,0,0,1.0,0.07630522088353414,mcnemar
chatgpt_4o,BEN,Benin,0,0,0,1.0,0.08032128514056225,mcnemar
chatgpt_4o,BES,"Bonaire, Sint Eustatius and Saba",0,0,0,1.0,0.08433734939759036,mcnemar
chatgpt_4o,BFA,Burkina Faso,0,0,0,1.0,0.08835341365461848,mcnemar
chatgpt_4o,BGD,Bangladesh,0,0,0,1.0,0.09236947791164658,mcnemar
chatgpt_4o,BGR,Bulgaria,0,0,0,1.0,0.0963855421686747,mcnemar
chatgpt_4o,BHR,Bahrain,0,0,0,1.0,0.10040160642570281,mcnemar
chatgpt_4o,BHS,Bahamas,0,0,0,1.0,0.10441767068273092,mcnemar
chatgpt_4o,BIH,Bosnia and Herzegovina,0,0,0,1.0,0.10843373493975904,mcnemar
chatgpt_4o,BLM,Saint Barthélemy,0,0,0,1.0,0.11244979919678715,mcnemar
chatgpt_4o,BLR,Belarus,0,0,0,1.0,0.11646586345381527,mcnemar
chatgpt_4o,BLZ,Belize,0,0,0,1.0,0.12048192771084337,mcnemar
chatgpt_4o,BMU,Bermuda,0,0,0,1.0,0.12449799196787148,mcnemar
chatgpt_4o,BOL,"Bolivia, Plurinational State of",0,0,0,1.0,0.1285140562248996,mcnemar
chatgpt_4o,BRA,Brazil,0,0,0,1.0,0.13253012048192772,mcnemar
chatgpt_4o,BRB,Barbados,0,0,0,1.0,0.13654618473895583,mcnemar
chatgpt_4o,BRN,Brunei Darussalam,0,0,0,1.0,0.14056224899598393,mcnemar
chatgpt_4o,BTN,Bhutan,0,0,0,1.0,0.14457831325301204,mcnemar
chatgpt_4o,BVT,Bouvet Island,0,0,0,1.0,0.14859437751004015,mcnemar
chatgpt_4o,BWA,Botswana,0,0,0,1.0,0.15261044176706828,mcnemar
chatgpt_4o,CAF,Central African Republic,0,0,0,1.0,0.1566265060240964,mcnemar
chatgpt_4o,CAN,Canada,0,0,0,1.0,0.1606425702811245,mcnemar
chatgpt_4o,CCK,Cocos (Keeling) Islands,0,0,0,1.0,0.1646586345381526,mcnemar
chatgpt_4o,CHE,Switzerland,0,0,0,1.0,0.1686746987951807,mcnemar
chatgpt_4o,CHL,Chile,0,0,0,1.0,0.17269076305220885,mcnemar
chatgpt_4o,CHN,China,0,0,0,1.0,0.17670682730923695,mcnemar
chatgpt_4o,CIV,Côte d'Ivoire,0,0,0,1.0,0.18072289156626506,mcnemar
chatgpt_4o,CMR,Cameroon,0,0,0,1.0,0.18473895582329317,mcnemar
chatgpt_4o,COD,"Congo, The Democratic Republic of the",0,0,0,1.0,0.18875502008032127,mcnemar
chatgpt_4o,COG,Congo,0,0,0,1.0,0.1927710843373494,mcnemar
chatgpt_4o,COK,Cook Islands,0,0,0,1.0,0.19678714859437751,mcnemar
chatgpt_4o,COL,Colombia,0,0,0,1.0,0.20080321285140562,mcnemar
chatgpt_4o,COM,Comoros,0,0,0,1.0,0.20481927710843373,mcnemar
chatgpt_4o,CPV,Cabo Verde,0,0,0,1.0,0.20883534136546184,mcnemar
chatgpt_4o,CRI,Costa Rica,0,0,0,1.0,0.21285140562248997,mcnemar
chatgpt_4o,CUB,Cuba,0,0,0,1.0,0.21686746987951808,mcnemar
chatgpt_4o,CUW,Curaçao,0,0,0,1.0,0.22088353413654618,mcnemar
chatgpt_4o,CXR,Christmas Island,0,0,0,1.0,0.2248995983935743,mcnemar
chatgpt_4o,CYM,Cayman Islands,0,0,0,1.0,0.2289156626506024,mcnemar
chatgpt_4o,CYP,Cyprus,0,0,0,1.0,0.23293172690763053,mcnemar
chatgpt_4o,CZE,Czechia,0,0,0,1.0,0.23694779116465864,mcnemar
chatgpt_4o,DEU,Germany,0,0,0,1.0,0.24096385542168675,mcnemar
chatgpt_4o,DJI,Djibouti,0,0,0,1.0,0.24497991967871485,mcnemar
chatgpt_4o,DMA,Dominica,0,0,0,1.0,0.24899598393574296,mcnemar
chatgpt_4o,DNK,Denmark,0,0,0,1.0,0.25301204819277107,mcnemar
chatgpt_4o,DOM,Dominican Republic,0,0,0,1.0,0.2570281124497992,mcnemar
chatgpt_4o,DZA,Algeria,0,0,0,1.0,0.26104417670682734,mcnemar
chatgpt_4o,ECU,Ecuador,0,0,0,1.0,0.26506024096385544,mcnemar
chatgpt_4o,EGY,Egypt,0,0,0,1.0,0.26907630522088355,mcnemar
chatgpt_4o,ERI,Eritrea,0,0,0,1.0,0.27309236947791166,mcnemar
chatgpt_4o,ESH,Western Sahara,0,0,0,1.0,0.27710843373493976,mcnemar
chatgpt_4o,ESP,Spain,0,0,0,1.0,0.28112449799196787,mcnemar
chatgpt_4o,EST,Estonia,0,0,0,1.0,0.285140562248996,mcnemar
chatgpt_4o,ETH,Ethiopia,0,0,0,1.0,0.2891566265060241,mcnemar
chatgpt_4o,FIN,Finland,0,0,0,1.0,0.2931726907630522,mcnemar
chatgpt_4o,FJI,Fiji,0,0,0,1.0,0.2971887550200803,mcnemar
chatgpt_4o,FLK,Falkland Islands (Malvinas),0,0,0,1.0,0.30120481927710846,mcnemar
chatgpt_4o,FRA,France,0,0,0,1.0,0.30522088353413657,mcnemar
chatgpt_4o,FRO,Faroe Islands,0,0,0,1.0,0.3092369477911647,mcnemar
chatgpt_4o,FSM,"Micronesia, Federated States of",0,0,0,1.0,0.3132530120481928,mcnemar
chatgpt_4o,GAB,Gabon,0,0,0,1.0,0.3172690763052209,mcnemar
chatgpt_4o,GBR,United Kingdom,0,0,0,1.0,0.321285140562249,mcnemar
chatgpt_4o,GEO,Georgia,0,0,0,1.0,0.3253012048192771,mcnemar
chatgpt_4o,GGY,Guernsey,0,0,0,1.0,0.3293172690763052,mcnemar
chatgpt_4o,GHA,Ghana,0,0,0,1.0,0.3333333333333333,mcnemar
chatgpt_4o,GIB,Gibraltar,0,0,0,1.0,0.3373493975903614,mcnemar
chatgpt_4o,GIN,Guinea,0,0,0,1.0,0.3413654618473896,mcnemar
chatgpt_4o,GLP,Guadeloupe,0,0,0,1.0,0.3453815261044177,mcnemar
chatgpt_4o,GMB,Gambia,0,0,0,1.0,0.3493975903614458,mcnemar
chatgpt_4o,GNB,Guinea-Bissau,0,0,0,1.0,0.3534136546184739,mcnemar
chatgpt_4o,GNQ,Equatorial Guinea,0,0,0,1.0,0.357429718875502,mcnemar
chatgpt_4o,GRC,Greece,0,0,0,1.0,0.3614457831325301,mcnemar
chatgpt_4o,GRD,Grenada,0,0,0,1.0,0.3654618473895582,mcnemar
chatgpt_4o,GRL,Greenland,0,0,0,1.0,0.36947791164658633,mcnemar
chatgpt_4o,GTM,Guatemala,0,0,0,1.0,0.37349397590361444,mcnemar
chatgpt_4o,GUF,French Guiana,0,0,0,1.0,0.37751004016064255,mcnemar
chatgpt_4o,GUM,Guam,0,0,0,1.0,0.3815261044176707,mcnemar
chatgpt_4o,GUY,Guyana,0,0,0,1.0,0.3855421686746988,mcnemar
chatgpt_4o,HKG,Hong Kong,0,0,0,1.0,0.3895582329317269,mcnemar
chatgpt_4o,HMD,Heard Island and McDonald Islands,0,0,0,1.0,0.39357429718875503,mcnemar
chatgpt_4o,HND,Honduras,0,0,0,1.0,0.39759036144578314,mcnemar
chatgpt_4o,HRV,Croatia,0,0,0,1.0,0.40160642570281124,mcnemar
chatgpt_4o,HTI,Haiti,0,0,0,1.0,0.40562248995983935,mcnemar
chatgpt_4o,HUN,Hungary,0,0,0,1.0,0.40963855421686746,mcnemar
chatgpt_4o,IDN,Indonesia,0,0,0,1.0,0.41365461847389556,mcnemar
chatgpt_4o,IMN,Isle of Man,0,0,0,1.0,0.41767068273092367,mcnemar
chatgpt_4o,IND,India,0,0,0,1.0,0.42168674698795183,mcnemar
chatgpt_4o,IOT,British Indian Ocean Territory,0,0,0,1.0,0.42570281124497994,mcnemar
chatgpt_4o,IRL,Ireland,0,0,0,1.0,0.42971887550200805,mcnemar
chatgpt_4o,IRN,"Iran, Islamic Republic of",0,0,0,1.0,0.43373493975903615,mcnemar
chatgpt_4o,IRQ,Iraq,0,0,0,1.0,0.43775100401606426,mcnemar
chatgpt_4o,ISL,Iceland,0,0,0,1.0,0.44176706827309237,mcnemar
chatgpt_4o,ISR,Israel,0,0,0,1.0,0.4457831325301205,mcnemar
chatgpt_4o,ITA,Italy,0,0,0,1.0,0.4497991967871486,mcnemar
chatgpt_4o,JAM,Jamaica,0,0,0,1.0,0.4538152610441767,mcnemar
chatgpt_4o,JEY,Jersey,0,0,0,1.0,0.4578313253012048,mcnemar
chatgpt_4o,JOR,Jordan,0,0,0,1.0,0.46184738955823296,mcnemar
chatgpt_4o,JPN,Japan,0,0,0,1.0,0.46586345381526106,mcnemar
chatgpt_4o,KAZ,Kazakhstan,0,0,0,1.0,0.46987951807228917,mcnemar
chatgpt_4o,KEN,Kenya,0,0,0,1.0,0.4738955823293173,mcnemar
chatgpt_4o,KGZ,Kyrgyzstan,0,0,0,1.0,0.4779116465863454,mcnemar
chatgpt_4o,KHM,Cambodia,0,0,0,1.0,0.4819277108433735,mcnemar
chatgpt_4o,KIR,Kiribati,0,0,0,1.0,0.4859437751004016,mcnemar
chatgpt_4o,KNA,Saint Kitts and Nevis,0,0,0,1.0,0.4899598393574297,mcnemar
chatgpt_4o,KOR,"Korea, Republic of",0,0,0,1.0,0.4939759036144578,mcnemar
chatgpt_4o,KWT,Kuwait,0,0,0,1.0,0.4979919678714859,mcnemar
chatgpt_4o,LAO,Lao People's Democratic Republic,0,0,0,1.0,0.5020080321285141,mcnemar
chatgpt_4o,LBN,Lebanon,0,0,0,1.0,0.5060240963855421,mcnemar
chatgpt_4o,LBR,Liberia,0,0,0,1.0,0.5100401606425703,mcnemar
chatgpt_4o,LBY,Libya,0,0,0,1.0,0.5140562248995983,mcnemar
chatgpt_4o,LCA,Saint Lucia,0,0,0,1.0,0.5180722891566265,mcnemar
chatgpt_4o,LIE,Liechtenstein,0,0,0,1.0,0.5220883534136547,mcnemar
chatgpt_4o,LKA,Sri Lanka,0,0,0,1.0,0.5261044176706827,mcnemar
chatgpt_4o,LSO,Lesotho,0,0,0,1.0,0.5301204819277109,mcnemar
chatgpt_4o,LTU,Lithuania,0,0,0,1.0,0.5341365461847389,mcnemar
chatgpt_4o,LUX,Luxembourg,0,0,0,1.0,0.5381526104417671,mcnemar
chatgpt_4o,LVA,Latvia,0,0,0,1.0,0.5421686746987951,mcnemar
chatgpt_4o,MAC,Macao,0,0,0,1.0,0.5461847389558233,mcnemar
chatgpt_4o,MAF,Saint Martin (French part),0,0,0,1.0,0.5502008032128514,mcnemar
chatgpt_4o,MAR,Morocco,0,0,0,1.0,0.5542168674698795,mcnemar
chatgpt_4o,MCO,Monaco,0,0,0,1.0,0.5582329317269076,mcnemar
chatgpt_4o,MDA,"Moldova, Republic of",0,0,0,1.0,0.5622489959839357,mcnemar
chatgpt_4o,MDG,Madagascar,0,0,0,1.0,0.5662650602409639,mcnemar
chatgpt_4o,MDV,Maldives,0,0,0,1.0,0.570281124497992,mcnemar
chatgpt_4o,MEX,Mexico,0,0,0,1.0,0.5742971887550201,mcnemar
chatgpt_4o,MHL,Marshall Islands,0,0,0,1.0,0.5783132530120482,mcnemar
chatgpt_4o,MKD,North Macedonia,0,0,0,1.0,0.5823293172690763,mcnemar
chatgpt_4o,MLI,Mali,0,0,0,1.0,0.5863453815261044,mcnemar
chatgpt_4o,MLT,Malta,0,0,0,1.0,0.5903614457831325,mcnemar
chatgpt_4o,MMR,Myanmar,0,0,0,1.0,0.5943775100401606,mcnemar
chatgpt_4o,MNE,Montenegro,0,0,0,1.0,0.5983935742971888,mcnemar
chatgpt_4o,MNG,Mongolia,0,0,0,1.0,0.6024096385542169,mcnemar
chatgpt_4o,MNP,Northern Mariana Islands,0,0,0,1.0,0.606425702811245,mcnemar
chatgpt_4o,MOZ,Mozambique,0,0,0,1.0,0.6104417670682731,mcnemar
chatgpt_4o,MRT,Mauritania,0,0,0,1.0,0.6144578313253012,mcnemar
chatgpt_4o,MSR,Montserrat,0,0,0,1.0,0.6184738955823293,mcnemar
chatgpt_4o,MTQ,Martinique,0,0,0,1.0,0.6224899598393574,mcnemar
chatgpt_4o,MUS,Mauritius,0,0,0,1.0,0.6265060240963856,mcnemar
chatgpt_4o,MWI,Malawi,0,0,0,1.0,0.6305220883534136,mcnemar
chatgpt_4o,MYS,Malaysia,0,0,0,1.0,0.6345381526104418,mcnemar
chatgpt_4o,MYT,Mayotte,0,0,0,1.0,0.6385542168674698,mcnemar
chatgpt_4o,NAM,Namibia,0,0,0,1.0,0.642570281124498,mcnemar
chatgpt_4o,NCL,New Caledonia,0,0,0,1.0,0.6465863453815262,mcnemar
chatgpt_4o,NER,Niger,0,0,0,1.0,0.6506024096385542,mcnemar
chatgpt_4o,NFK,Norfolk Island,0,0,0,1.0,0.6546184738955824,mcnemar
chatgpt_4o,NGA,Nigeria,0,0,0,1.0,0.6586345381526104,mcnemar
chatgpt_4o,NIC,Nicaragua,0,0,0,1.0,0.6626506024096386,mcnemar
chatgpt_4o,NIU,Niue,0,0,0,1.0,0.6666666666666666,mcnemar
chatgpt_4o,NLD,Netherlands,0,0,0,1.0,0.6706827309236948,mcnemar
chatgpt_4o,NOR,Norway,0,0,0,1.0,0.6746987951807228,mcnemar
chatgpt_4o,NPL,Nepal,0,0,0,1.0,0.678714859437751,mcnemar
chatgpt_4o,NRU,Nauru,0,0,0,1.0,0.6827309236947792,mcnemar
chatgpt_4o,NZL,New Zealand,0,0,0,1.0,0.6867469879518072,mcnemar
chatgpt_4o,OMN,Oman,0,0,0,1.0,0.6907630522088354,mcnemar
chatgpt_4o,PAK,Pakistan,0,0,0,1.0,0.6947791164658634,mcnemar
chatgpt_4o,PAN,Panama,0,0,0,1.0,0.6987951807228916,mcnemar
chatgpt_4o,PCN,Pitcairn,0,0,0,1.0,0.7028112449799196,mcnemar
chatgpt_4o,PER,Peru,0,0,0,1.0,0.7068273092369478,mcnemar
chatgpt_4o,PHL,Philippines,0,0,0,1.0,0.7108433734939759,mcnemar
chatgpt_4o,PLW,Palau,0,0,0,1.0,0.714859437751004,mcnemar
chatgpt_4o,PNG,Papua New Guinea,0,0,0,1.0,0.7188755020080321,mcnemar
chatgpt_4o,POL,Poland,0,0,0,1.0,0.7228915662650602,mcnemar
chatgpt_4o,PRI,Puerto Rico,0,0,0,1.0,0.7269076305220884,mcnemar
chatgpt_4o,PRK,"Korea, Democratic People's Republic of",0,0,0,1.0,0.7309236947791165,mcnemar
chatgpt_4o,PRT,Portugal,0,0,0,1.0,0.7349397590361446,mcnemar
chatgpt_4o,PRY,Paraguay,0,0,0,1.0,0.7389558232931727,mcnemar
chatgpt_4o,PSE,"Palestine, State of",0,0,0,1.0,0.7429718875502008,mcnemar
chatgpt_4o,PYF,French Polynesia,0,0,0,1.0,0.7469879518072289,mcnemar
chatgpt_4o,QAT,Qatar,0,0,0,1.0,0.751004016064257,mcnemar
chatgpt_4o,REU,Réunion,0,0,0,1.0,0.7550200803212851,mcnemar
chatgpt_4o,ROU,Romania,0,0,0,1.0,0.7590361445783133,mcnemar
chatgpt_4o,RUS,Russian Federation,0,0,0,1.0,0.7630522088353414,mcnemar
chatgpt_4o,RWA,Rwanda,0,0,0,1.0,0.7670682730923695,mcnemar
chatgpt_4o,SAU,Saudi Arabia,0,0,0,1.0,0.7710843373493976,mcnemar
chatgpt_4o,SDN,Sudan,0,0,0,1.0,0.7751004016064257,mcnemar
chatgpt_4o,SEN,Senegal,0,0,0,1.0,0.7791164658634538,mcnemar
chatgpt_4o,SGP,Singapore,0,0,0,1.0,0.7831325301204819,mcnemar
chatgpt_4o,SGS,South Georgia and the South Sandwich Islands,0,0,0,1.0,0.7871485943775101,mcnemar
chatgpt_4o,SHN,"Saint Helena, Ascension and Tristan da Cunha",0,0,0,1.0,0.7911646586345381,mcnemar
chatgpt_4o,SJM,Svalbard and Jan Mayen,0,0,0,1.0,0.7951807228915663,mcnemar
chatgpt_4o,SLB,Solomon Islands,0,0,0,1.0,0.7991967871485943,mcnemar
chatgpt_4o,SLE,Sierra Leone,0,0,0,1.0,0.8032128514056225,mcnemar
chatgpt_4o,SLV,El Salvador,0,0,0,1.0,0.8072289156626506,mcnemar
chatgpt_4o,SMR,San Marino,0,0,0,1.0,0.8112449799196787,mcnemar
chatgpt_4o,SOM,Somalia,0,0,0,1.0,0.8152610441767069,mcnemar
chatgpt_4o,SPM,Saint Pierre and Miquelon,0,0,0,1.0,0.8192771084337349,mcnemar
chatgpt_4o,SRB,Serbia,0,0,0,1.0,0.8232931726907631,mcnemar
chatgpt_4o,SSD,South Sudan,0,0,0,1.0,0.8273092369477911,mcnemar
chatgpt_4o,STP,Sao Tome and Principe,0,0,0,1.0,0.8313253012048193,mcnemar
chatgpt_4o,SUR,Suriname,0,0,0,1.0,0.8353413654618473,mcnemar
chatgpt_4o,SVK,Slovakia,0,0,0,1.0,0.8393574297188755,mcnemar
chatgpt_4o,SVN,Slovenia,0,0,0,1.0,0.8433734939759037,mcnemar
chatgpt_4o,SWE,Sweden,0,0,0,1.0,0.8473895582329317,mcnemar
chatgpt_4o,SWZ,Eswatini,0,0,0,1.0,0.8514056224899599,mcnemar
chatgpt_4o,SXM,Sint Maarten (Dutch part),0,0,0,1.0,0.8554216867469879,mcnemar
chatgpt_4o,SYC,Seychelles,0,0,0,1.0,0.8594377510040161,mcnemar
chatgpt_4o,SYR,Syrian Arab Republic,0,0,0,1.0,0.8634538152610441,mcnemar
chatgpt_4o,TCA,Turks and Caicos Islands,0,0,0,1.0,0.8674698795180723,mcnemar
chatgpt_4o,TCD,Chad,0,0,0,1.0,0.8714859437751004,mcnemar
chatgpt_4o,TGO,Togo,0,0,0,1.0,0.8755020080321285,mcnemar
chatgpt_4o,THA,Thailand,0,0,0,1.0,0.8795180722891566,mcnemar
chatgpt_4o,TJK,Tajikistan,0,0,0,1.0,0.8835341365461847,mcnemar
chatgpt_4o,TKL,Tokelau,0,0,0,1.0,0.8875502008032129,mcnemar
chatgpt_4o,TKM,Turkmenistan,0,0,0,1.0,0.891566265060241,mcnemar
chatgpt_4o,TLS,Timor-Leste,0,0,0,1.0,0.8955823293172691,mcnemar
chatgpt_4o,TON,Tonga,0,0,0,1.0,0.8995983935742972,mcnemar
chatgpt_4o,TTO,Trinidad and Tobago,0,0,0,1.0,0.9036144578313253,mcnemar
chatgpt_4o,TUN,Tunisia,0,0,0,1.0,0.9076305220883534,mcnemar
chatgpt_4o,TUR,Turkey,0,0,0,1.0,0.9116465863453815,mcnemar
chatgpt_4o,TUV,Tuvalu,0,0,0,1.0,0.9156626506024096,mcnemar
chatgpt_4o,TWN,"Taiwan, Province of China",0,0,0,1.0,0.9196787148594378,mcnemar
chatgpt_4o,TZA,"Tanzania, United Republic of",0,0,0,1.0,0.9236947791164659,mcnemar
chatgpt_4o,UGA,Uganda,0,0,0,1.0,0.927710843373494,mcnemar
chatgpt_4o,UKR,Ukraine,0,0,0,1.0,0.9317269076305221,mcnemar
chatgpt_4o,UMI,United States Minor Outlying Islands,0,0,0,1.0,0.9357429718875502,mcnemar
chatgpt_4o,URY,Uruguay,0,0,0,1.0,0.9397590361445783,mcnemar
chatgpt_4o,USA,United States,0,0,0,1.0,0.9437751004016064,mcnemar
chatgpt_4o,UZB,Uzbekistan,0,0,0,1.0,0.9477911646586346,mcnemar
chatgpt_4o,VAT,Holy See (Vatican City State),0,0,0,1.0,0.9518072289156626,mcnemar
chatgpt_4o,VCT,Saint Vincent and the Grenadines,0,0,0,1.0,0.9558232931726908,mcnemar
chatgpt_4o,VEN,"Venezuela, Bolivarian Republic of",0,0,0,1.0,0.9598393574297188,mcnemar
chatgpt_4o,VGB,"Virgin Islands, British",0,0,0,1.0,0.963855421686747,mcnemar
chatgpt_4o,VIR,"Virgin Islands, U.S.",0,0,0,1.0,0.9678714859437751,mcnemar
chatgpt_4o,VNM,Viet Nam,0,0,0,1.0,0.9718875502008032,mcnemar
chatgpt_4o,VUT,Vanuatu,0,0,0,1.0,0.9759036144578314,mcnemar
chatgpt_4o,WLF,Wallis and Futuna,0,0,0,1.0,0.9799196787148594,mcnemar
chatgpt_4o,WSM,Samoa,0,0,0,1.0,0.9839357429718876,mcnemar
chatgpt_4o,YEM,Yemen,0,0,0,1.0,0.9879518072289156,mcnemar
chatgpt_4o,ZAF,South Africa,0,0,0,1.0,0.9919678714859438,mcnemar
chatgpt_4o,ZMB,Zambia,0,0,0,1.0,0.9959839357429718,mcnemar
chatgpt_4o,ZWE,Zimbabwe,0,0,0,1.0,1.0,mcnemar
claude_sonnet_4,ABW,Aruba,0,0,0,1.0,0.004016064257028112,mcnemar
claude_sonnet_4,AFG,Afghanistan,0,0,0,1.0,0.008032128514056224,mcnemar
claude_sonnet_4,AGO,Angola,0,0,0,1.0,0.012048192771084338,mcnemar
claude_sonnet_4,AIA,Anguilla,0,0,0,1.0,0.01606425702811245,mcnemar
claude_sonnet_4,ALA,Åland Islands,0,0,0,1.0,0.020080321285140562,mcnemar
claude_sonnet_4,ALB,Albania,0,0,0,1.0,0.024096385542168676,mcnemar
claude_sonnet_4,AND,Andorra,0,0,0,1.0,0.028112449799196786,mcnemar
claude_sonnet_4,ARE,United Arab Emirates,0,0,0,1.0,0.0321285140562249,mcnemar
claude_sonnet_4,ARG,Argentina,0,0,0,1.0,0.03614457831325301,mcnemar
claude_sonnet_4,ARM,Armenia,0,0,0,1.0,0.040160642570281124,mcnemar
claude_sonnet_4,ASM,American Samoa,0,0,0,1.0,0.04417670682730924,mcnemar
claude_sonnet_4,ATA,Antarctica,0,0,0,1.0,0.04819277108433735,mcnemar
claude_sonnet_4,ATF,French Southern Territories,0,0,0,1.0,0.05220883534136546,mcnemar
claude_sonnet_4,ATG,Antigua and Barbuda,0,0,0,1.0,0.05622489959839357,mcnemar
claude_sonnet_4,AUS,Australia,0,0,0,1.0,0.060240963855421686,mcnemar
claude_sonnet_4,AUT,Austria,0,0,0,1.0,0.0642570281124498,mcnemar
claude_sonnet_4,AZE,Azerbaijan,0,0,0,1.0,0.06827309236947791,mcnemar
claude_sonnet_4,BDI,Burundi,0,0,0,1.0,0.07228915662650602,mcnemar
claude_sonnet_4,BEL,Belgium,0,0,0,1.0,0.07630522088353414,mcnemar
claude_sonnet_4,BEN,Benin,0,0,0,1.0,0.08032128514056225,mcnemar
claude_sonnet_4,BES,"Bonaire, Sint Eustatius and Saba",0,0,0,1.0,0.08433734939759036,mcnemar
claude_sonnet_4,BFA,Burkina Faso,0,0,0,1.0,0.08835341365461848,mcnemar
claude_sonnet_4,BGD,Bangladesh,0,0,0,1.0,0.09236947791164658,mcnemar
claude_sonnet_4,BGR,Bulgaria,0,0,0,1.0,0.0963855421686747,mcnemar
claude_sonnet_4,BHR,Bahrain,0,0,0,1.0,0.10040160642570281,mcnemar
claude_sonnet_4,BHS,Bahamas,0,0,0,1.0,0.10441767068273092,mcnemar
claude_sonnet_4,BIH,Bosnia and Herzegovina,0,0,0,1.0,0.10843373493975904,mcnemar
claude_sonnet_4,BLM,Saint Barthélemy,0,0,0,1.0,0.11244979919678715,mcnemar
claude_sonnet_4,BLR,Belarus,0,0,0,1.0,0.11646586345381527,mcnemar
claude_sonnet_4,BLZ,Belize,0,0,0,1.0,0.12048192771084337,mcnemar
claude_sonnet_4,BMU,Bermuda,0,0,0,1.0,0.12449799196787148,mcnemar
claude_sonnet_4,BOL,"Bolivia, Plurinational State of",0,0,0,1.0,0.1285140562248996,mcnemar
claude_sonnet_4,BRA,Brazil,0,0,0,1.0,0.13253012048192772,mcnemar
claude_sonnet_4,BRB,Barbados,0,0,0,1.0,0.13654618473895583,mcnemar
claude_sonnet_4,BRN,Brunei Darussalam,0,0,0,1.0,0.14056224899598393,mcnemar
claude_sonnet_4,BTN,Bhutan,0,0,0,1.0,0.14457831325301204,mcnemar
claude_sonnet_4,BVT,Bouvet Island,0,0,0,1.0,0.14859437751004015,mcnemar
claude_sonnet_4,BWA,Botswana,0,0,0,1.0,0.15261044176706828,mcnemar
claude_sonnet_4,CAF,Central African Republic,0,0,0,1.0,0.1566265060240964,mcnemar
claude_sonnet_4,CAN,Canada,0,0,0,1.0,0.1606425702811245,mcnemar
claude_sonnet_4,CCK,Cocos (Keeling) Islands,0,0,0,1.0,0.1646586345381526,mcnemar
claude_sonnet_4,CHE,Switzerland,0,0,0,1.0,0.1686746987951807,mcnemar
claude_sonnet_4,CHL,Chile,0,0,0,1.0,0.17269076305220885,mcnemar
claude_sonnet_4,CHN,China,0,0,0,1.0,0.17670682730923695,mcnemar
claude_sonnet_4,CIV,Côte d'Ivoire,0,0,0,1.0,0.18072289156626506,mcnemar
claude_sonnet_4,CMR,Cameroon,0,0,0,1.0,0.18473895582329317,mcnemar
claude_sonnet_4,COD,"Congo, The Democratic Republic of the",0,0,0,1.0,0.18875502008032127,mcnemar
claude_sonnet_4,COG,Congo,0,0,0,1.0,0.1927710843373494,mcnemar
claude_sonnet_4,COK,Cook Islands,0,0,0,1.0,0.19678714859437751,mcnemar
claude_sonnet_4,COL,Colombia,0,0,0,1.0,0.20080321285140562,mcnemar
claude_sonnet_4,COM,Comoros,0,0,0,1.0,0.20481927710843373,mcnemar
claude_sonnet_4,CPV,Cabo Verde,0,0,0,1.0,0.20883534136546184,mcnemar
claude_sonnet_4,CRI,Costa Rica,0,0,0,1.0,0.21285140562248997,mcnemar
claude_sonnet_4,CUB,Cuba,0,0,0,1.0,0.21686746987951808,mcnemar
claude_sonnet_4,CUW,Curaçao,0,0,0,1.0,0.22088353413654618,mcnemar
claude_sonnet_4,CXR,Christmas Island,0,0,0,1.0,0.2248995983935743,mcnemar
claude_sonnet_4,CYM,Cayman Islands,0,0,0,1.0,0.2289156626506024,mcnemar
claude_sonnet_4,CYP,Cyprus,0,0,0,1.0,0.23293172690763053,mcnemar
claude_sonnet_4,CZE,Czechia,0,0,0,1.0,0.23694779116465864,mcnemar
claude_sonnet_4,DEU,Germany,0,0,0,1.0,0.24096385542168675,mcnemar
claude_sonnet_4,DJI,Djibouti,0,0,0,1.0,0.24497991967871485,mcnemar
claude_sonnet_4,DMA,Dominica,0,0,0,1.0,0.24899598393574296,mcnemar
claude_sonnet_4,DNK,Denmark,0,0,0,1.0,0.25301204819277107,mcnemar
claude_sonnet_4,DOM,Dominican Republic,0,0,0,1.0,0.2570281124497992,mcnemar
claude_sonnet_4,DZA,Algeria,0,0,0,1.0,0.26104417670682734,mcnemar
claude_sonnet_4,ECU,Ecuador,0,0,0,1.0,0.26506024096385544,mcnemar
claude_sonnet_4,EGY,Egypt,0,0,0,1.0,0.26907630522088355,mcnemar
claude_sonnet_4,ERI,Eritrea,0,0,0,1.0,0.27309236947791166,mcnemar
claude_sonnet_4,ESH,Western Sahara,0,0,0,1.0,0.27710843373493976,mcnemar
claude_sonnet_4,ESP,Spain,0,0,0,1.0,0.28112449799196787,mcnemar
claude_sonnet_4,EST,Estonia,0,0,0,1.0,0.285140562248996,mcnemar
claude_sonnet_4,ETH,Ethiopia,0,0,0,1.0,0.2891566265060241,mcnemar
claude_sonnet_4,FIN,Finland,0,0,0,1.0,0.2931726907630522,mcnemar
claude_sonnet_4,FJI,Fiji,0,0,0,1.0,0.2971887550200803,mcnemar
claude_sonnet_4,FLK,Falkland Islands (Malvinas),0,0,0,1.0,0.30120481927710846,mcnemar
claude_sonnet_4,FRA,France,0,0,0,1.0,0.30522088353413657,mcnemar
claude_sonnet_4,FRO,Faroe Islands,0,0,0,1.0,0.3092369477911647,mcnemar
claude_sonnet_4,FSM,"Micronesia, Federated States of",0,0,0,1.0,0.3132530120481928,mcnemar
claude_sonnet_4,GAB,Gabon,0,0,0,1.0,0.3172690763052209,mcnemar
claude_sonnet_4,GBR,United Kingdom,0,0,0,1.0,0.321285140562249,mcnemar
claude_sonnet_4,GEO,Georgia,0,0,0,1.0,0.3253012048192771,mcnemar
claude_sonnet_4,GGY,Guernsey,0,0,0,1.0,0.3293172690763052,mcnemar
claude_sonnet_4,GHA,Ghana,0,0,0,1.0,0.3333333333333333,mcnemar
claude_sonnet_4,GIB,Gibraltar,0,0,0,1.0,0.3373493975903614,mcnemar
claude_sonnet_4,GIN,Guinea,0,0,0,1.0,0.3413654618473896,mcnemar
claude_sonnet_4,GLP,Guadeloupe,0,0,0,1.0,0.3453815261044177,mcnemar
claude_sonnet_4,GMB,Gambia,0,0,0,1.0,0.3493975903614458,mcnemar
claude_sonnet_4,GNB,Guinea-Bissau,0,0,0,1.0,0.3534136546184739,mcnemar
claude_sonnet_4,GNQ,Equatorial Guinea,0,0,0,1.0,0.357429718875502,mcnemar
claude_sonnet_4,GRC,Greece,0,0,0,1.0,0.3614457831325301,mcnemar
claude_sonnet_4,GRD,Grenada,0,0,0,1.0,0.3654618473895582,mcnemar
claude_sonnet_4,GRL,Greenland,0,0,0,1.0,0.36947791164658633,mcnemar
claude_sonnet_4,GTM,Guatemala,0,0,0,1.0,0.37349397590361444,mcnemar
claude_sonnet_4,GUF,French Guiana,0,0,0,1.0,0.37751004016064255,mcnemar
claude_sonnet_4,GUM,Guam,0,0,0,1.0,0.3815261044176707,mcnemar
claude_sonnet_4,GUY,Guyana,0,0,0,1.0,0.3855421686746988,mcnemar
claude_sonnet_4,HKG,Hong Kong,0,0,0,1.0,0.3895582329317269,mcnemar
claude_sonnet_4,HMD,Heard Island and McDonald Islands,0,0,0,1.0,0.39357429718875503,mcnemar
claude_sonnet_4,HND,Honduras,0,0,0,1.0,0.39759036144578314,mcnemar
claude_sonnet_4,HRV,Croatia,0,0,0,1.0,0.40160642570281124,mcnemar
claude_sonnet_4,HTI,Haiti,0,0,0,1.0,0.40562248995983935,mcnemar
claude_sonnet_4,HUN,Hungary,0,0,0,1.0,0.40963855421686746,mcnemar
claude_sonnet_4,IDN,Indonesia,0,0,0,1.0,0.41365461847389556,mcnemar
claude_sonnet_4,IMN,Isle of Man,0,0,0,1.0,0.41767068273092367,mcnemar
claude_sonnet_4,IND,India,0,0,0,1.0,0.42168674698795183,mcnemar
claude_sonnet_4,IOT,British Indian Ocean Territory,0,0,0,1.0,0.42570281124497994,mcnemar
claude_sonnet_4,IRL,Ireland,0,0,0,1.0,0.42971887550200805,mcnemar
claude_sonnet_4,IRN,"Iran, Islamic Republic of",0,0,0,1.0,0.43373493975903615,mcnemar
claude_sonnet_4,IRQ,Iraq,0,0,0,1.0,0.43775100401606426,mcnemar
claude_sonnet_4,ISL,Iceland,0,0,0,1.0,0.44176706827309237,mcnemar
claude_sonnet_4,ISR,Israel,0,0,0,1.0,0.4457831325301205,mcnemar
claude_sonnet_4,ITA,Italy,0,0,0,1.0,0.4497991967871486,mcnemar
claude_sonnet_4,JAM,Jamaica,0,0,0,1.0,0.4538152610441767,mcnemar
claude_sonnet_4,JEY,Jersey,0,0,0,1.0,0.4578313253012048,mcnemar
claude_sonnet_4,JOR,Jordan,0,0,0,1.0,0.46184738955823296,mcnemar
claude_sonnet_4,JPN,Japan,0,0,0,1.0,0.46586345381526106,mcnemar
claude_sonnet_4,KAZ,Kazakhstan,0,0,0,1.0,0.46987951807228917,mcnemar
claude_sonnet_4,KEN,Kenya,0,0,0,1.0,0.4738955823293173,mcnemar
claude_sonnet_4,KGZ,Kyrgyzstan,0,0,0,1.0,0.4779116465863454,mcnemar
claude_sonnet_4,KHM,Cambodia,0,0,0,1.0,0.4819277108433735,mcnemar
claude_sonnet_4,KIR,Kiribati,0,0,0,1.0,0.4859437751004016,mcnemar
claude_sonnet_4,KNA,Saint Kitts and Nevis,0,0,0,1.0,0.4899598393574297,mcnemar
claude_sonnet_4,KOR,"Korea, Republic of",0,0,0,1.0,0.4939759036144578,mcnemar
claude_sonnet_4,KWT,Kuwait,0,0,0,1.0,0.4979919678714859,mcnemar
claude_sonnet_4,LAO,Lao People's Democratic Republic,0,0,0,1.0,0.5020080321285141,mcnemar
claude_sonnet_4,LBN,Lebanon,0,0,0,1.0,0.5060240963855421,mcnemar
claude_sonnet_4,LBR,Liberia,0,0,0,1.0,0.5100401606425703,mcnemar
claude_sonnet_4,LBY,Libya,0,0,0,1.0,0.5140562248995983,mcnemar
claude_sonnet_4,LCA,Saint Lucia,0,0,0,1.0,0.5180722891566265,mcnemar
claude_sonnet_4,LIE,Liechtenstein,0,0,0,1.0,0.5220883534136547,mcnemar
claude_sonnet_4,LKA,Sri Lanka,0,0,0,1.0,0.5261044176706827,mcnemar
claude_sonnet_4,LSO,Lesotho,0,0,0,1.0,0.5301204819277109,mcnemar
claude_sonnet_4,LTU,Lithuania,0,0,0,1.0,0.5341365461847389,mcnemar
claude_sonnet_4,LUX,Luxembourg,0,0,0,1.0,0.5381526104417671,mcnemar
claude_sonnet_4,LVA,Latvia,0,0,0,1.0,0.5421686746987951,mcnemar
claude_sonnet_4,MAC,Macao,0,0,0,1.0,0.5461847389558233,mcnemar
claude_sonnet_4,MAF,Saint Martin (French part),0,0,0,1.0,0.5502008032128514,mcnemar
claude_sonnet_4,MAR,Morocco,0,0,0,1.0,0.5542168674698795,mcnemar
claude_sonnet_4,MCO,Monaco,0,0,0,1.0,0.5582329317269076,mcnemar
claude_sonnet_4,MDA,"Moldova, Republic of",0,0,0,1.0,0.5622489959839357,mcnemar
claude_sonnet_4,MDG,Madagascar,0,0,0,1.0,0.5662650602409639,mcnemar
claude_sonnet_4,MDV,Maldives,0,0,0,1.0,0.570281124497992,mcnemar
claude_sonnet_4,MEX,Mexico,0,0,0,1.0,0.5742971887550201,mcnemar
claude_sonnet_4,MHL,Marshall Islands,0,0,0,1.0,0.5783132530120482,mcnemar
claude_sonnet_4,MKD,North Macedonia,0,0,0,1.0,0.5823293172690763,mcnemar
claude_sonnet_4,MLI,Mali,0,0,0,1.0,0.5863453815261044,mcnemar
claude_sonnet_4,MLT,Malta,0,0,0,1.0,0.5903614457831325,mcnemar
claude_sonnet_4,MMR,Myanmar,0,0,0,1.0,0.5943775100401606,mcnemar
claude_sonnet_4,MNE,Montenegro,0,0,0,1.0,0.5983935742971888,mcnemar
claude_sonnet_4,MNG,Mongolia,0,0,0,1.0,0.6024096385542169,mcnemar
claude_sonnet_4,MNP,Northern Mariana Islands,0,0,0,1.0,0.606425702811245,mcnemar
claude_sonnet_4,MOZ,Mozambique,0,0,0,1.0,0.6104417670682731,mcnemar
claude_sonnet_4,MRT,Mauritania,0,0,0,1.0,0.6144578313253012,mcnemar
claude_sonnet_4,MSR,Montserrat,0,0,0,1.0,0.6184738955823293,mcnemar
claude_sonnet_4,MTQ,Martinique,0,0,0,1.0,0.6224899598393574,mcnemar
claude_sonnet_4,MUS,Mauritius,0,0,0,1.0,0.6265060240963856,mcnemar
claude_sonnet_4,MWI,Malawi,0,0,0,1.0,0.6305220883534136,mcnemar
claude_sonnet_4,MYS,Malaysia,0,0,0,1.0,0.6345381526104418,mcnemar
claude_sonnet_4,MYT,Mayotte,0,0,0,1.0,0.6385542168674698,mcnemar
claude_sonnet_4,NAM,Namibia,0,0,0,1.0,0.642570281124498,mcnemar
claude_sonnet_4,NCL,New Caledonia,0,0,0,1.0,0.6465863453815262,mcnemar
claude_sonnet_4,NER,Niger,0,0,0,1.0,0.6506024096385542,mcnemar
claude_sonnet_4,NFK,Norfolk Island,0,0,0,1.0,0.6546184738955824,mcnemar
claude_sonnet_4,NGA,Nigeria,0,0,0,1.0,0.6586345381526104,mcnemar
claude_sonnet_4,NIC,Nicaragua,0,0,0,1.0,0.6626506024096386,mcnemar
claude_sonnet_4,NIU,Niue,0,0,0,1.0,0.6666666666666666,mcnemar
claude_sonnet_4,NLD,Netherlands,0,0,0,1.0,0.6706827309236948,mcnemar
claude_sonnet_4,NOR,Norway,0,0,0,1.0,0.6746987951807228,mcnemar
claude_sonnet_4,NPL,Nepal,0,0,0,1.0,0.678714859437751,mcnemar
claude_sonnet_4,NRU,Nauru,0,0,0,1.0,0.6827309236947792,mcnemar
claude_sonnet_4,NZL,New Zealand,0,0,0,1.0,0.6867469879518072,mcnemar
claude_sonnet_4,OMN,Oman,0,0,0,1.0,0.6907630522088354,mcnemar
claude_sonnet_4,PAK,Pakistan,0,0,0,1.0,0.6947791164658634,mcnemar
claude_sonnet_4,PAN,Panama,0,0,0,1.0,0.6987951807228916,mcnemar
claude_sonnet_4,PCN,Pitcairn,0,0,0,1.0,0.7028112449799196,mcnemar
claude_sonnet_4,PER,Peru,0,0,0,1.0,0.7068273092369478,mcnemar
claude_sonnet_4,PHL,Philippines,0,0,0,1.0,0.7108433734939759,mcnemar
claude_sonnet_4,PLW,Palau,0,0,0,1.0,0.714859437751004,mcnemar
claude_sonnet_4,PNG,Papua New Guinea,0,0,0,1.0,0.7188755020080321,mcnemar
claude_sonnet_4,POL,Poland,0,0,0,1.0,0.7228915662650602,mcnemar
claude_sonnet_4,PRI,Puerto Rico,0,0,0,1.0,0.7269076305220884,mcnemar
claude_sonnet_4,PRK,"Korea, Democratic People's Republic of",0,0,0,1.0,0.7309236947791165,mcnemar
claude_sonnet_4,PRT,Portugal,0,0,0,1.0,0.7349397590361446,mcnemar
claude_sonnet_4,PRY,Paraguay,0,0,0,1.0,0.7389558232931727,mcnemar
claude_sonnet_4,PSE,"Palestine, State of",0,0,0,1.0,0.7429718875502008,mcnemar
claude_sonnet_4,PYF,French Polynesia,0,0,0,1.0,0.7469879518072289,mcnemar
claude_sonnet_4,QAT,Qatar,0,0,0,1.0,0.751004016064257,mcnemar
claude_sonnet_4,REU,Réunion,0,0,0,1.0,0.7550200803212851,mcnemar
claude_sonnet_4,ROU,Romania,0,0,0,1.0,0.7590361445783133,mcnemar
claude_sonnet_4,RUS,Russian Federation,0,0,0,1.0,0.7630522088353414,mcnemar
claude_sonnet_4,RWA,Rwanda,0,0,0,1.0,0.7670682730923695,mcnemar
claude_sonnet_4,SAU,Saudi Arabia,0,0,0,1.0,0.7710843373493976,mcnemar
claude_sonnet_4,SDN,Sudan,0,0,0,1.0,0.7751004016064257,mcnemar
claude_sonnet_4,SEN,Senegal,0,0,0,1.0,0.7791164658634538,mcnemar
claude_sonnet_4,SGP,Singapore,0,0,0,1.0,0.7831325301204819,mcnemar
claude_sonnet_4,SGS,South Georgia and the South Sandwich Islands,0,0,0,1.0,0.7871485943775101,mcnemar
claude_sonnet_4,SHN,"Saint Helena, Ascension and Tristan da Cunha",0,0,0,1.0,0.7911646586345381,mcnemar
claude_sonnet_4,SJM,Svalbard and Jan Mayen,0,0,0,1.0,0.7951807228915663,mcnemar
claude_sonnet_4,SLB,Solomon Islands,0,0,0,1.0,0.7991967871485943,mcnemar
claude_sonnet_4,SLE,Sierra Leone,0,0,0,1.0,0.8032128514056225,mcnemar
claude_sonnet_4,SLV,El Salvador,0,0,0,1.0,0.8072289156626506,mcnemar
claude_sonnet_4,SMR,San Marino,0,0,0,1.0,0.8112449799196787,mcnemar
claude_sonnet_4,SOM,Somalia,0,0,0,1.0,0.8152610441767069,mcnemar
claude_sonnet_4,SPM,Saint Pierre and Miquelon,0,0,0,1.0,0.8192771084337349,mcnemar
claude_sonnet_4,SRB,Serbia,0,0,0,1.0,0.8232931726907631,mcnemar
claude_sonnet_4,SSD,South Sudan,0,0,0,1.0,0.8273092369477911,mcnemar
claude_sonnet_4,STP,Sao Tome and Principe,0,0,0,1.0,0.8313253012048193,mcnemar
claude_sonnet_4,SUR,Suriname,0,0,0,1.0,0.8353413654618473,mcnemar
claude_sonnet_4,SVK,Slovakia,0,0,0,1.0,0.8393574297188755,mcnemar
claude_sonnet_4,SVN,Slovenia,0,0,0,1.0,0.8433734939759037,mcnemar
claude_sonnet_4,SWE,Sweden,0,0,0,1.0,0.8473895582329317,mcnemar
claude_sonnet_4,SWZ,Eswatini,0,0,0,1.0,0.8514056224899599,mcnemar
claude_sonnet_4,SXM,Sint Maarten (Dutch part),0,0,0,1.0,0.8554216867469879,mcnemar
claude_sonnet_4,SYC,Seychelles,0,0,0,1.0,0.8594377510040161,mcnemar
claude_sonnet_4,SYR,Syrian Arab Republic,0,0,0,1.0,0.8634538152610441,mcnemar
claude_sonnet_4,TCA,Turks and Caicos Islands,0,0,0,1.0,0.8674698795180723,mcnemar
claude_sonnet_4,TCD,Chad,0,0,0,1.0,0.8714859437751004,mcnemar
claude_sonnet_4,TGO,Togo,0,0,0,1.0,0.8755020080321285,mcnemar
claude_sonnet_4,THA,Thailand,0,0,0,1.0,0.8795180722891566,mcnemar
claude_sonnet_4,TJK,Tajikistan,0,0,0,1.0,0.8835341365461847,mcnemar
claude_sonnet_4,TKL,Tokelau,0,0,0,1.0,0.8875502008032129,mcnemar
claude_sonnet_4,TKM,Turkmenistan,0,0,0,1.0,0.891566265060241,mcnemar
claude_sonnet_4,TLS,Timor-Leste,0,0,0,1.0,0.8955823293172691,mcnemar
claude_sonnet_4,TON,Tonga,0,0,0,1.0,0.8995983935742972,mcnemar
claude_sonnet_4,TTO,Trinidad and Tobago,0,0,0,1.0,0.9036144578313253,mcnemar
claude_sonnet_4,TUN,Tunisia,0,0,0,1.0,0.9076305220883534,mcnemar
claude_sonnet_4,TUR,Turkey,0,0,0,1.0,0.9116465863453815,mcnemar
claude_sonnet_4,TUV,Tuvalu,0,0,0,1.0,0.9156626506024096,mcnemar
claude_sonnet_4,TWN,"Taiwan, Province of China",0,0,0,1.0,0.9196787148594378,mcnemar
claude_sonnet_4,TZA,"Tanzania, United Republic of",0,0,0,1.0,0.9236947791164659,mcnemar
claude_sonnet_4,UGA,Uganda,0,0,0,1.0,0.927710843373494,mcnemar
claude_sonnet_4,UKR,Ukraine,0,0,0,1.0,0.9317269076305221,mcnemar
claude_sonnet_4,UMI,United States Minor Outlying Islands,0,0,0,1.0,0.9357429718875502,mcnemar
claude_sonnet_4,URY,Uruguay,0,0,0,1.0,0.9397590361445783,mcnemar
claude_sonnet_4,USA,United States,0,0,0,1.0,0.9437751004016064,mcnemar
claude_sonnet_4,UZB,Uzbekistan,0,0,0,1.0,0.9477911646586346,mcnemar
claude_sonnet_4,VAT,Holy See (Vatican City State),0,0,0,1.0,0.9518072289156626,mcnemar
claude_sonnet_4,VCT,Saint Vincent and the Grenadines,0,0,0,1.0,0.9558232931726908,mcnemar
claude_sonnet_4,VEN,"Venezuela, Bolivarian Republic of",0,0,0,1.0,0.9598393574297188,mcnemar
claude_sonnet_4,VGB,"Virgin Islands, British",0,0,0,1.0,0.963855421686747,mcnemar
claude_sonnet_4,VIR,"Virgin Islands, U.S.",0,0,0,1.0,0.9678714859437751,mcnemar
claude_sonnet_4,VNM,Viet Nam,0,0,0,1.0,0.9718875502008032,mcnemar
claude_sonnet_4,VUT,Vanuatu,0,0,0,1.0,0.9759036144578314,mcnemar
claude_sonnet_4,WLF,Wallis and Futuna,0,0,0,1.0,0.9799196787148594,mcnemar
claude_sonnet_4,WSM,Samoa,0,0,0,1.0,0.9839357429718876,mcnemar
claude_sonnet_4,YEM,Yemen,0,0,0,1.0,0.9879518072289156,mcnemar
claude_sonnet_4,ZAF,South Africa,0,0,0,1.0,0.9919678714859438,mcnemar
claude_sonnet_4,ZMB,Zambia,0,0,0,1.0,0.9959839357429718,mcnemar
claude_sonnet_4,ZWE,Zimbabwe,0,0,0,1.0,1.0,mcnemar
gemini2_5,ABW,Aruba,0,0,0,1.0,0.00411522633744856,mcnemar
gemini2_5,AFG,Afghanistan,0,0,0,1.0,0.00823045267489712,mcnemar
gemini2_5,AGO,Angola,0,0,0,1.0,0.012345679012345678,mcnemar
gemini2_5,AIA,Anguilla,0,0,0,1.0,0.01646090534979424,mcnemar
gemini2_5,ALA,Åland Islands,0,0,0,1.0,0.0205761316872428,mcnemar
gemini2_5,ALB,Albania,0,0,0,1.0,0.024691358024691357,mcnemar
gemini2_5,AND,Andorra,0,0,0,1.0,0.02880658436213992,mcnemar
gemini2_5,ARE,United Arab Emirates,0,0,0,1.0,0.03292181069958848,mcnemar
gemini2_5,ARM,Armenia,0,0,0,1.0,0.037037037037037035,mcnemar
gemini2_5,ASM,American Samoa,0,0,0,1.0,0.0411522633744856,mcnemar
gemini2_5,ATA,Antarctica,0,0,0,1.0,0.04526748971193416,mcnemar
gemini2_5,ATF,French Southern Territories,0,0,0,1.0,0.04938271604938271,mcnemar
gemini2_5,AUS,Australia,0,0,0,1.0,0.053497942386831275,mcnemar
gemini2_5,AUT,Austria,0,0,0,1.0,0.05761316872427984,mcnemar
gemini2_5,AZE,Azerbaijan,0,0,0,1.0,0.06172839506172839,mcnemar
gemini2_5,BDI,Burundi,0,0,0,1.0,0.06584362139917696,mcnemar
gemini2_5,BEL,Belgium,0,0,0,1.0,0.06995884773662552,mcnemar
gemini2_5,BEN,Benin,0,0,0,1.0,0.07407407407407407,mcnemar
gemini2_5,BES,"Bonaire, Sint Eustatius and Saba",0,0,0,1.0,0.07818930041152264,mcnemar
gemini2_5,BFA,Burkina Faso,0,0,0,1.0,0.0823045267489712,mcnemar
gemini2_5,BGD,Bangladesh,0,0,0,1.0,0.08641975308641975,mcnemar
gemini2_5,BGR,Bulgaria,0,0,0,1.0,0.09053497942386832,mcnemar
gemini2_5,BHR,Bahrain,0,0,0,1.0,0.09465020576131687,mcnemar
gemini2_5,BHS,Bahamas,0,0,0,1.0,0.09876543209876543,mcnemar
gemini2_5,BIH,Bosnia and Herzegovina,0,0,0,1.0,0.102880658436214,mcnemar
gemini2_5,BLM,Saint Barthélemy,0,0,0,1.0,0.10699588477366255,mcnemar
gemini2_5,BLR,Belarus,0,0,0,1.0,0.1111111111111111,mcnemar
gemini2_5,BLZ,Belize,0,0,0,1.0,0.11522633744855967,mcnemar
gemini2_5,BMU,Bermuda,0,0,0,1.0,0.11934156378600823,mcnemar
gemini2_5,BOL,"Bolivia, Plurinational State of",0,0,0,1.0,0.12345679012345678,mcnemar
gemini2_5,BRA,Brazil,0,0,0,1.0,0.12757201646090535,mcnemar
gemini2_5,BRB,Barbados,0,0,0,1.0,0.13168724279835392,mcnemar
gemini2_5,BRN,Brunei Darussalam,0,0,0,1.0,0.13580246913580246,mcnemar
gemini2_5,BTN,Bhutan,0,0,0,1.0,0.13991769547325103,mcnemar
gemini2_5,BVT,Bouvet Island,0,0,0,1.0,0.1440329218106996,mcnemar
gemini2_5,BWA,Botswana,0,0,0,1.0,0.14814814814814814,mcnemar
gemini2_5,CAF,Central African Republic,0,0,0,1.0,0.1522633744855967,mcnemar
gemini2_5,CAN,Canada,0,0,0,1.0,0.15637860082304528,mcnemar
gemini2_5,CHE,Switzerland,0,0,0,1.0,0.16049382716049382,mcnemar
gemini2_5,CHL,Chile,0,0,0,1.0,0.1646090534979424,mcnemar
gemini2_5,CHN,China,0,0,0,1.0,0.16872427983539096,mcnemar
gemini2_5,CIV,Côte d'Ivoire,0,0,0,1.0,0.1728395061728395,mcnemar
gemini2_5,CMR,Cameroon,0,0,0,1.0,0.17695473251028807,mcnemar
gemini2_5,COD,"Congo, The Democratic Republic of the",0,0,0,1.0,0.18106995884773663,mcnemar
gemini2_5,COG,Congo,0,0,0,1.0,0.18518518518518517,mcnemar
gemini2_5,COK,Cook Islands,0,0,0,1.0,0.18930041152263374,mcnemar
gemini2_5,COL,Colombia,0,0,0,1.0,0.1934156378600823,mcnemar
gemini2_5,COM,Comoros,0,0,0,1.0,0.19753086419753085,mcnemar
gemini2_5,CPV,Cabo Verde,0,0,0,1.0,0.20164609053497942,mcnemar
gemini2_5,CRI,Costa Rica,0,0,0,1.0,0.205761316872428,mcnemar
gemini2_5,CUB,Cuba,0,0,0,1.0,0.20987654320987653,mcnemar
gemini2_5,CUW,Curaçao,0,0,0,1.0,0.2139917695473251,mcnemar
gemini2_5,CXR,Christmas Island,0,0,0,1.0,0.21810699588477367,mcnemar
gemini2_5,CYM,Cayman Islands,0,0,0,1.0,0.2222222222222222,mcnemar
gemini2_5,CYP,Cyprus,0,0,0,1.0,0.22633744855967078,mcnemar
gemini2_5,CZE,Czechia,0,0,0,1.0,0.23045267489711935,mcnemar
gemini2_5,DEU,Germany,0,0,0,1.0,0.2345679012345679,mcnemar
gemini2_5,DJI,Djibouti,0,0,0,1.0,0.23868312757201646,mcnemar
gemini2_5,DMA,Dominica,0,0,0,1.0,0.24279835390946503,mcnemar
gemini2_5,DNK,Denmark,0,0,0,1.0,0.24691358024691357,mcnemar
gemini2_5,DOM,Dominican Republic,0,0,0,1.0,0.25102880658436216,mcnemar
gemini2_5,DZA,Algeria,0,0,0,1.0,0.2551440329218107,mcnemar
gemini2_5,ECU,Ecuador,0,0,0,1.0,0.25925925925925924,mcnemar
gemini2_5,EGY,Egypt,0,0,0,1.0,0.26337448559670784,mcnemar
gemini2_5,ERI,Eritrea,0,0,0,1.0,0.2674897119341564,mcnemar
gemini2_5,ESH,Western Sahara,0,0,0,1.0,0.2716049382716049,mcnemar
gemini2_5,ESP,Spain,0,0,0,1.0,0.2757201646090535,mcnemar
gemini2_5,EST,Estonia,0,0,0,1.0,0.27983539094650206,mcnemar
gemini2_5,ETH,Ethiopia,0,0,0,1.0,0.2839506172839506,mcnemar
gemini2_5,FIN,Finland,0,0,0,1.0,0.2880658436213992,mcnemar
gemini2_5,FJI,Fiji,0,0,0,1.0,0.29218106995884774,mcnemar
gemini2_5,FLK,Falkland Islands (Malvinas),0,0,0,1.0,0.2962962962962963,mcnemar
gemini2_5,FRA,France,0,0,0,1.0,0.3004115226337449,mcnemar
gemini2_5,FRO,Faroe Islands,0,0,0,1.0,0.3045267489711934,mcnemar
gemini2_5,FSM,"Micronesia, Federated States of",0,0,0,1.0,0.30864197530864196,mcnemar
gemini2_5,GAB,Gabon,0,0,0,1.0,0.31275720164609055,mcnemar
gemini2_5,GBR,United Kingdom,0,0,0,1.0,0.3168724279835391,mcnemar
gemini2_5,GEO,Georgia,0,0,0,1.0,0.32098765432098764,mcnemar
gemini2_5,GGY,Guernsey,0,0,0,1.0,0.32510288065843623,mcnemar
gemini2_5,GHA,Ghana,0,0,0,1.0,0.3292181069958848,mcnemar
gemini2_5,GIB,Gibraltar,0,0,0,1.0,0.3333333333333333,mcnemar
gemini2_5,GIN,Guinea,0,0,0,1.0,0.3374485596707819,mcnemar
gemini2_5,GLP,Guadeloupe,0,0,0,1.0,0.34156378600823045,mcnemar
gemini2_5,GMB,Gambia,0,0,0,1.0,0.345679012345679,mcnemar
gemini2_5,GNB,Guinea-Bissau,0,0,0,1.0,0.3497942386831276,mcnemar
gemini2_5,GNQ,Equatorial Guinea,0,0,0,1.0,0.35390946502057613,mcnemar
gemini2_5,GRC,Greece,0,0,0,1.0,0.35802469135802467,mcnemar
gemini2_5,GRD,Grenada,0,0,0,1.0,0.36213991769547327,mcnemar
gemini2_5,GRL,Greenland,0,0,0,1.0,0.3662551440329218,mcnemar
gemini2_5,GTM,Guatemala,0,0,0,1.0,0.37037037037037035,mcnemar
gemini2_5,GUF,French Guiana,0,0,0,1.0,0.37448559670781895,mcnemar
gemini2_5,GUM,Guam,0,0,0,1.0,0.3786008230452675,mcnemar
gemini2_5,GUY,Guyana,0,0,0,1.0,0.38271604938271603,mcnemar
gemini2_5,HKG,Hong Kong,0,0,0,1.0,0.3868312757201646,mcnemar
gemini2_5,HMD,Heard Island and McDonald Islands,0,0,0,1.0,0.39094650205761317,mcnemar
gemini2_5,HND,Honduras,0,0,0,1.0,0.3950617283950617,mcnemar
gemini2_5,HRV,Croatia,0,0,0,1.0,0.3991769547325103,mcnemar
gemini2_5,HTI,Haiti,0,0,0,1.0,0.40329218106995884,mcnemar
gemini2_5,HUN,Hungary,0,0,0,1.0,0.4074074074074074,mcnemar
gemini2_5,IDN,Indonesia,0,0,0,1.0,0.411522633744856,mcnemar
gemini2_5,IMN,Isle of Man,0,0,0,1.0,0.4156378600823045,mcnemar
gemini2_5,IND,India,0,0,0,1.0,0.41975308641975306,mcnemar
gemini2_5,IOT,British Indian Ocean Territory,0,0,0,1.0,0.42386831275720166,mcnemar
gemini2_5,IRL,Ireland,0,0,0,1.0,0.4279835390946502,mcnemar
gemini2_5,IRN,"Iran, Islamic Republic of",0,0,0,1.0,0.43209876543209874,mcnemar
gemini2_5,IRQ,Iraq,0,0,0,1.0,0.43621399176954734,mcnemar
gemini2_5,ISL,Iceland,0,0,0,1.0,0.4403292181069959,mcnemar
gemini2_5,ISR,Israel,0,0,0,1.0,0.4444444444444444,mcnemar
gemini2_5,ITA,Italy,0,0,0,1.0,0.448559670781893,mcnemar
gemini2_5,JAM,Jamaica,0,0,0,1.0,0.45267489711934156,mcnemar
gemini2_5,JEY,Jersey,0,0,0,1.0,0.4567901234567901,mcnemar
gemini2_5,JOR,Jordan,0,0,0,1.0,0.4609053497942387,mcnemar
gemini2_5,JPN,Japan,0,0,0,1.0,0.46502057613168724,mcnemar
gemini2_5,KAZ,Kazakhstan,0,0,0,1.0,0.4691358024691358,mcnemar
gemini2_5,KEN,Kenya,0,0,0,1.0,0.4732510288065844,mcnemar
gemini2_5,KGZ,Kyrgyzstan,0,0,0,1.0,0.4773662551440329,mcnemar
gemini2_5,KHM,Cambodia,0,0,0,1.0,0.48148148148148145,mcnemar
gemini2_5,KIR,Kiribati,0,0,0,1.0,0.48559670781893005,mcnemar
gemini2_5,KNA,Saint Kitts and Nevis,0,0,0,1.0,0.4897119341563786,mcnemar
gemini2_5,KOR,"Korea, Republic of",0,0,0,1.0,0.49382716049382713,mcnemar
gemini2_5,KWT,Kuwait,0,0,0,1.0,0.49794238683127573,mcnemar
gemini2_5,LAO,Lao People's Democratic Republic,0,0,0,1.0,0.5020576131687243,mcnemar
gemini2_5,LBN,Lebanon,0,0,0,1.0,0.5061728395061729,mcnemar
gemini2_5,LBR,Liberia,0,0,0,1.0,0.5102880658436214,mcnemar
gemini2_5,LBY,Libya,0,0,0,1.0,0.51440329218107,mcnemar
gemini2_5,LCA,Saint Lucia,0,0,0,1.0,0.5185185185185185,mcnemar
gemini2_5,LIE,Liechtenstein,0,0,0,1.0,0.522633744855967,mcnemar
gemini2_5,LKA,Sri Lanka,0,0,0,1.0,0.5267489711934157,mcnemar
gemini2_5,LSO,Lesotho,0,0,0,1.0,0.5308641975308642,mcnemar
gemini2_5,LTU,Lithuania,0,0,0,1.0,0.5349794238683128,mcnemar
gemini2_5,LUX,Luxembourg,0,0,0,1.0,0.5390946502057613,mcnemar
gemini2_5,LVA,Latvia,0,0,0,1.0,0.5432098765432098,mcnemar
gemini2_5,MAC,Macao,0,0,0,1.0,0.5473251028806584,mcnemar
gemini2_5,MAF,Saint Martin (French part),0,0,0,1.0,0.551440329218107,mcnemar
gemini2_5,MAR,Morocco,0,0,0,1.0,0.5555555555555556,mcnemar
gemini2_5,MCO,Monaco,0,0,0,1.0,0.5596707818930041,mcnemar
gemini2_5,MDA,"Moldova, Republic of",0,0,0,1.0,0.5637860082304527,mcnemar
gemini2_5,MDG,Madagascar,0,0,0,1.0,0.5679012345679012,mcnemar
gemini2_5,MDV,Maldives,0,0,0,1.0,0.5720164609053497,mcnemar
gemini2_5,MEX,Mexico,0,0,0,1.0,0.5761316872427984,mcnemar
gemini2_5,MHL,Marshall Islands,0,0,0,1.0,0.5802469135802469,mcnemar
gemini2_5,MKD,North Macedonia,0,0,0,1.0,0.5843621399176955,mcnemar
gemini2_5,MLI,Mali,0,0,0,1.0,0.588477366255144,mcnemar
gemini2_5,MLT,Malta,0,0,0,1.0,0.5925925925925926,mcnemar
gemini2_5,MMR,Myanmar,0,0,0,1.0,0.5967078189300411,mcnemar
gemini2_5,MNE,Montenegro,0,0,0,1.0,0.6008230452674898,mcnemar
gemini2_5,MNG,Mongolia,0,0,0,1.0,0.6049382716049383,mcnemar
gemini2_5,MNP,Northern Mariana Islands,0,0,0,1.0,0.6090534979423868,mcnemar
gemini2_5,MOZ,Mozambique,0,0,0,1.0,0.6131687242798354,mcnemar
gemini2_5,MRT,Mauritania,0,0,0,1.0,0.6172839506172839,mcnemar
gemini2_5,MSR,Montserrat,0,0,0,1.0,0.6213991769547325,mcnemar
gemini2_5,MTQ,Martinique,0,0,0,1.0,0.6255144032921811,mcnemar
gemini2_5,MUS,Mauritius,0,0,0,1.0,0.6296296296296297,mcnemar
gemini2_5,MWI,Malawi,0,0,0,1.0,0.6337448559670782,mcnemar
gemini2_5,MYS,Malaysia,0,0,0,1.0,0.6378600823045267,mcnemar
gemini2_5,MYT,Mayotte,0,0,0,1.0,0.6419753086419753,mcnemar
gemini2_5,NAM,Namibia,0,0,0,1.0,0.6460905349794238,mcnemar
gemini2_5,NCL,New Caledonia,0,0,0,1.0,0.6502057613168725,mcnemar
gemini2_5,NER,Niger,0,0,0,1.0,0.654320987654321,mcnemar
gemini2_5,NFK,Norfolk Island,0,0,0,1.0,0.6584362139917695,mcnemar
gemini2_5,NGA,Nigeria,0,0,0,1.0,0.6625514403292181,mcnemar
gemini2_5,NIC,Nicaragua,0,0,0,1.0,0.6666666666666666,mcnemar
gemini2_5,NIU,Niue,0,0,0,1.0,0.6707818930041153,mcnemar
gemini2_5,NLD,Netherlands,0,0,0,1.0,0.6748971193415638,mcnemar
gemini2_5,NOR,Norway,0,0,0,1.0,0.6790123456790124,mcnemar
gemini2_5,NPL,Nepal,0,0,0,1.0,0.6831275720164609,mcnemar
gemini2_5,NRU,Nauru,0,0,0,1.0,0.6872427983539094,mcnemar
gemini2_5,NZL,New Zealand,0,0,0,1.0,0.691358024691358,mcnemar
gemini2_5,OMN,Oman,0,0,0,1.0,0.6954732510288066,mcnemar
gemini2_5,PAK,Pakistan,0,0,0,1.0,0.6995884773662552,mcnemar
gemini2_5,PAN,Panama,0,0,0,1.0,0.7037037037037037,mcnemar
gemini2_5,PCN,Pitcairn,0,0,0,1.0,0.7078189300411523,mcnemar
gemini2_5,PER,Peru,0,0,0,1.0,0.7119341563786008,mcnemar
gemini2_5,PHL,Philippines,0,0,0,1.0,0.7160493827160493,mcnemar
gemini2_5,PLW,Palau,0,0,0,1.0,0.720164609053498,mcnemar
gemini2_5,PNG,Papua New Guinea,0,0,0,1.0,0.7242798353909465,mcnemar
gemini2_5,POL,Poland,0,0,0,1.0,0.7283950617283951,mcnemar
gemini2_5,PRI,Puerto Rico,0,0,0,1.0,0.7325102880658436,mcnemar
gemini2_5,PRK,"Korea, Democratic People's Republic of",0,0,0,1.0,0.7366255144032922,mcnemar
gemini2_5,PRY,Paraguay,0,0,0,1.0,0.7407407407407407,mcnemar
gemini2_5,PSE,"Palestine, State of",0,0,0,1.0,0.7448559670781894,mcnemar
gemini2_5,PYF,French Polynesia,0,0,0,1.0,0.7489711934156379,mcnemar
gemini2_5,QAT,Qatar,0,0,0,1.0,0.7530864197530864,mcnemar
gemini2_5,REU,Réunion,0,0,0,1.0,0.757201646090535,mcnemar
gemini2_5,ROU,Romania,0,0,0,1.0,0.7613168724279835,mcnemar
gemini2_5,RUS,Russian Federation,0,0,0,1.0,0.7654320987654321,mcnemar
gemini2_5,RWA,Rwanda,0,0,0,1.0,0.7695473251028807,mcnemar
gemini2_5,SAU,Saudi Arabia,0,0,0,1.0,0.7736625514403292,mcnemar
gemini2_5,SDN,Sudan,0,0,0,1.0,0.7777777777777778,mcnemar
gemini2_5,SEN,Senegal,0,0,0,1.0,0.7818930041152263,mcnemar
gemini2_5,SGP,Singapore,0,0,0,1.0,0.7860082304526749,mcnemar
gemini2_5,SGS,South Georgia and the South Sandwich Islands,0,0,0,1.0,0.7901234567901234,mcnemar
gemini2_5,SHN,"Saint Helena, Ascension and Tristan da Cunha",0,0,0,1.0,0.7942386831275721,mcnemar
gemini2_5,SJM,Svalbard and Jan Mayen,0,0,0,1.0,0.7983539094650206,mcnemar
gemini2_5,SLB,Solomon Islands,0,0,0,1.0,0.8024691358024691,mcnemar
gemini2_5,SLE,Sierra Leone,0,0,0,1.0,0.8065843621399177,mcnemar
gemini2_5,SLV,El Salvador,0,0,0,1.0,0.8106995884773662,mcnemar
gemini2_5,SMR,San Marino,0,0,0,1.0,0.8148148148148148,mcnemar
gemini2_5,SOM,Somalia,0,0,0,1.0,0.8189300411522634,mcnemar
gemini2_5,SPM,Saint Pierre and Miquelon,0,0,0,1.0,0.823045267489712,mcnemar
gemini2_5,SRB,Serbia,0,0,0,1.0,0.8271604938271605,mcnemar
gemini2_5,SSD,South Sudan,0,0,0,1.0,0.831275720164609,mcnemar
gemini2_5,STP,Sao Tome and Principe,0,0,0,1.0,0.8353909465020576,mcnemar
gemini2_5,SUR,Suriname,0,0,0,1.0,0.8395061728395061,mcnemar
gemini2_5,SVK,Slovakia,0,0,0,1.0,0.8436213991769548,mcnemar
gemini2_5,SVN,Slovenia,0,0,0,1.0,0.8477366255144033,mcnemar
gemini2_5,SWE,Sweden,0,0,0,1.0,0.8518518518518519,mcnemar
gemini2_5,SWZ,Eswatini,0,0,0,1.0,0.8559670781893004,mcnemar
gemini2_5,SXM,Sint Maarten (Dutch part),0,0,0,1.0,0.8600823045267489,mcnemar
gemini2_5,SYC,Seychelles,0,0,0,1.0,0.8641975308641975,mcnemar
gemini2_5,SYR,Syrian Arab Republic,0,0,0,1.0,0.8683127572016461,mcnemar
gemini2_5,TCA,Turks and Caicos Islands,0,0,0,1.0,0.8724279835390947,mcnemar
gemini2_5,TCD,Chad,0,0,0,1.0,0.8765432098765432,mcnemar
gemini2_5,TGO,Togo,0,0,0,1.0,0.8806584362139918,mcnemar
gemini2_5,TJK,Tajikistan,0,0,0,1.0,0.8847736625514403,mcnemar
gemini2_5,TKL,Tokelau,0,0,0,1.0,0.8888888888888888,mcnemar
gemini2_5,TKM,Turkmenistan,0,0,0,1.0,0.8930041152263375,mcnemar
gemini2_5,TON,Tonga,0,0,0,1.0,0.897119341563786,mcnemar
gemini2_5,TTO,Trinidad and Tobago,0,0,0,1.0,0.9012345679012346,mcnemar
gemini2_5,TUN,Tunisia,0,0,0,1.0,0.9053497942386831,mcnemar
gemini2_5,TUR,Turkey,0,0,0,1.0,0.9094650205761317,mcnemar
gemini2_5,TUV,Tuvalu,0,0,0,1.0,0.9135802469135802,mcnemar
gemini2_5,TWN,"Taiwan, Province of China",0,0,0,1.0,0.9176954732510288,mcnemar
gemini2_5,TZA,"Tanzania, United Republic of",0,0,0,1.0,0.9218106995884774,mcnemar
gemini2_5,UGA,Uganda,0,0,0,1.0,0.9259259259259259,mcnemar
gemini2_5,UKR,Ukraine,0,0,0,1.0,0.9300411522633745,mcnemar
gemini2_5,UMI,United States Minor Outlying Islands,0,0,0,1.0,0.934156378600823,mcnemar
gemini2_5,URY,Uruguay,0,0,0,1.0,0.9382716049382716,mcnemar
gemini2_5,USA,United States,0,0,0,1.0,0.9423868312757202,mcnemar
gemini2_5,UZB,Uzbekistan,0,0,0,1.0,0.9465020576131687,mcnemar
gemini2_5,VAT,Holy See (Vatican City State),0,0,0,1.0,0.9506172839506173,mcnemar
gemini2_5,VCT,Saint Vincent and the Grenadines,0,0,0,1.0,0.9547325102880658,mcnemar
gemini2_5,VEN,"Venezuela, Bolivarian Republic of",0,0,0,1.0,0.9588477366255144,mcnemar
gemini2_5,VGB,"Virgin Islands, British",0,0,0,1.0,0.9629629629629629,mcnemar
gemini2_5,VIR,"Virgin Islands, U.S.",0,0,0,1.0,0.9670781893004116,mcnemar
gemini2_5,VNM,Viet Nam,0,0,0,1.0,0.9711934156378601,mcnemar
gemini2_5,VUT,Vanuatu,0,0,0,1.0,0.9753086419753086,mcnemar
gemini2_5,WLF,Wallis and Futuna,0,0,0,1.0,0.9794238683127572,mcnemar
gemini2_5,WSM,Samoa,0,0,0,1.0,0.9835390946502057,mcnemar
gemini2_5,YEM,Yemen,0,0,0,1.0,0.9876543209876543,mcnemar
gemini2_5,ZAF,South Africa,0,0,0,1.0,0.9917695473251029,mcnemar
gemini2_5,ZMB,Zambia,0,0,0,1.0,0.9958847736625515,mcnemar
gemini2_5,ZWE,Zimbabwe,0,0,0,1.0,1.0,mcnemar
llama3_3,ABW,Aruba,0,0,0,1.0,0.004016064257028112,mcnemar
llama3_3,AFG,Afghanistan,0,0,0,1.0,0.008032128514056224,mcnemar
llama3_3,AGO,Angola,0,0,0,1.0,0.012048192771084338,mcnemar
llama3_3,AIA,Anguilla,0,0,0,1.0,0.01606425702811245,mcnemar
llama3_3,ALA,Åland Islands,0,0,0,1.0,0.020080321285140562,mcnemar
llama3_3,ALB,Albania,0,0,0,1.0,0.024096385542168676,mcnemar
llama3_3,AND,Andorra,0,0,0,1.0,0.028112449799196786,mcnemar
llama3_3,ARE,United Arab Emirates,0,0,0,1.0,0.0321285140562249,mcnemar
llama3_3,ARG,Argentina,0,0,0,1.0,0.03614457831325301,mcnemar
llama3_3,ARM,Armenia,0,0,0,1.0,0.040160642570281124,mcnemar
llama3_3,ASM,American Samoa,0,0,0,1.0,0.04417670682730924,mcnemar
llama3_3,ATA,Antarctica,0,0,0,1.0,0.04819277108433735,mcnemar
llama3_3,ATF,French Southern Territories,0,0,0,1.0,0.05220883534136546,mcnemar
llama3_3,ATG,Antigua and Barbuda,0,0,0,1.0,0.05622489959839357,mcnemar
llama3_3,AUS,Australia,0,0,0,1.0,0.060240963855421686,mcnemar
llama3_3,AUT,Austria,0,0,0,1.0,0.0642570281124498,mcnemar
llama3_3,AZE,Azerbaijan,0,0,0,1.0,0.06827309236947791,mcnemar
llama3_3,BDI,Burundi,0,0,0,1.0,0.07228915662650602,mcnemar
llama3_3,BEL,Belgium,0,0,0,1.0,0.07630522088353414,mcnemar
llama3_3,BEN,Benin,0,0,0,1.0,0.08032128514056225,mcnemar
llama3_3,BES,"Bonaire, Sint Eustatius and Saba",0,0,0,1.0,0.08433734939759036,mcnemar
llama3_3,BFA,Burkina Faso,0,0,0,1.0,0.08835341365461848,mcnemar
llama3_3,BGD,Bangladesh,0,0,0,1.0,0.09236947791164658,mcnemar
llama3_3,BGR,Bulgaria,0,0,0,1.0,0.0963855421686747,mcnemar
llama3_3,BHR,Bahrain,0,0,0,1.0,0.10040160642570281,mcnemar
llama3_3,BHS,Bahamas,0,0,0,1.0,0.10441767068273092,mcnemar
llama3_3,BIH,Bosnia and Herzegovina,0,0,0,1.0,0.10843373493975904,mcnemar
llama3_3,BLM,Saint Barthélemy,0,0,0,1.0,0.11244979919678715,mcnemar
llama3_3,BLR,Belarus,0,0,0,1.0,0.11646586345381527,mcnemar
llama3_3,BLZ,Belize,0,0,0,1.0,0.12048192771084337,mcnemar
llama3_3,BMU,Bermuda,0,0,0,1.0,0.12449799196787148,mcnemar
llama3_3,BOL,"Bolivia, Plurinational State of",0,0,0,1.0,0.1285140562248996,mcnemar
llama3_3,BRA,Brazil,0,0,0,1.0,0.13253012048192772,mcnemar
llama3_3,BRB,Barbados,0,0,0,1.0,0.13654618473895583,mcnemar
llama3_3,BRN,Brunei Darussalam,0,0,0,1.0,0.14056224899598393,mcnemar
llama3_3,BTN,Bhutan,0,0,0,1.0,0.14457831325301204,mcnemar
llama3_3,BVT,Bouvet Island,0,0,0,1.0,0.14859437751004015,mcnemar
llama3_3,BWA,Botswana,0,0,0,1.0,0.15261044176706828,mcnemar
llama3_3,CAF,Central African Republic,0,0,0,1.0,0.1566265060240964,mcnemar
llama3_3,CAN,Canada,0,0,0,1.0,0.1606425702811245,mcnemar
llama3_3,CCK,Cocos (Keeling) Islands,0,0,0,1.0,0.1646586345381526,mcnemar
llama3_3,CHE,Switzerland,0,0,0,1.0,0.1686746987951807,mcnemar
llama3_3,CHL,Chile,0,0,0,1.0,0.17269076305220885,mcnemar
llama3_3,CHN,China,0,0,0,1.0,0.17670682730923695,mcnemar
llama3_3,CIV,Côte d'Ivoire,0,0,0,1.0,0.18072289156626506,mcnemar
llama3_3,CMR,Cameroon,0,0,0,1.0,0.18473895582329317,mcnemar
llama3_3,COD,"Congo, The Democratic Republic of the",0,0,0,1.0,0.18875502008032127,mcnemar
llama3_3,COG,Congo,0,0,0,1.0,0.1927710843373494,mcnemar
llama3_3,COK,Cook Islands,0,0,0,1.0,0.19678714859437751,mcnemar
llama3_3,COL,Colombia,0,0,0,1.0,0.20080321285140562,mcnemar
llama3_3,COM,Comoros,0,0,0,1.0,0.20481927710843373,mcnemar
llama3_3,CPV,Cabo Verde,0,0,0,1.0,0.20883534136546184,mcnemar
llama3_3,CRI,Costa Rica,0,0,0,1.0,0.21285140562248997,mcnemar
llama3_3,CUB,Cuba,0,0,0,1.0,0.21686746987951808,mcnemar
llama3_3,CUW,Curaçao,0,0,0,1.0,0.22088353413654618,mcnemar
llama3_3,CXR,Christmas Island,0,0,0,1.0,0.2248995983935743,mcnemar
llama3_3,CYM,Cayman Islands,0,0,0,1.0,0.2289156626506024,mcnemar
llama3_3,CYP,Cyprus,0,0,0,1.0,0.23293172690763053,mcnemar
llama3_3,CZE,Czechia,0,0,0,1.0,0.23694779116465864,mcnemar
llama3_3,DEU,Germany,0,0,0,1.0,0.24096385542168675,mcnemar
llama3_3,DJI,Djibouti,0,0,0,1.0,0.24497991967871485,mcnemar
llama3_3,DMA,Dominica,0,0,0,1.0,0.24899598393574296,mcnemar
llama3_3,DNK,Denmark,0,0,0,1.0,0.25301204819277107,mcnemar
llama3_3,DOM,Dominican Republic,0,0,0,1.0,0.2570281124497992,mcnemar
llama3_3,DZA,Algeria,0,0,0,1.0,0.26104417670682734,mcnemar
llama3_3,ECU,Ecuador,0,0,0,1.0,0.26506024096385544,mcnemar
llama3_3,EGY,Egypt,0,0,0,1.0,0.26907630522088355,mcnemar
llama3_3,ERI,Eritrea,0,0,0,1.0,0.27309236947791166,mcnemar
llama3_3,ESH,Western Sahara,0,0,0,1.0,0.27710843373493976,mcnemar
llama3_3,ESP,Spain,0,0,0,1.0,0.28112449799196787,mcnemar
llama3_3,EST,Estonia,0,0,0,1.0,0.285140562248996,mcnemar
llama3_3,ETH,Ethiopia,0,0,0,1.0,0.2891566265060241,mcnemar
llama3_3,FIN,Finland,0,0,0,1.0,0.2931726907630522,mcnemar
llama3_3,FJI,Fiji,0,0,0,1.0,0.2971887550200803,mcnemar
llama3_3,FLK,Falkland Islands (Malvinas),0,0,0,1.0,0.30120481927710846,mcnemar
llama3_3,FRA,France,0,0,0,1.0,0.30522088353413657,mcnemar
llama3_3,FRO,Faroe Islands,0,0,0,1.0,0.3092369477911647,mcnemar
llama3_3,FSM,"Micronesia, Federated States of",0,0,0,1.0,0.3132530120481928,mcnemar
llama3_3,GAB,Gabon,0,0,0,1.0,0.3172690763052209,mcnemar
llama3_3,GBR,United Kingdom,0,0,0,1.0,0.321285140562249,mcnemar
llama3_3,GEO,Georgia,0,0,0,1.0,0.3253012048192771,mcnemar
llama3_3,GGY,Guernsey,0,0,0,1.0,0.3293172690763052,mcnemar
llama3_3,GHA,Ghana,0,0,0,1.0,0.3333333333333333,mcnemar
llama3_3,GIB,Gibraltar,0,0,0,1.0,0.3373493975903614,mcnemar
llama3_3,GIN,Guinea,0,0,0,1.0,0.3413654618473896,mcnemar
llama3_3,GLP,Guadeloupe,0,0,0,1.0,0.3453815261044177,mcnemar
llama3_3,GMB,Gambia,0,0,0,1.0,0.3493975903614458,mcnemar
llama3_3,GNB,Guinea-Bissau,0,0,0,1.0,0.3534136546184739,mcnemar
llama3_3,GNQ,Equatorial Guinea,0,0,0,1.0,0.357429718875502,mcnemar
llama3_3,GRC,Greece,0,0,0,1.0,0.3614457831325301,mcnemar
llama3_3,GRD,Grenada,0,0,0,1.0,0.3654618473895582,mcnemar
llama3_3,GRL,Greenland,0,0,0,1.0,0.36947791164658633,mcnemar
llama3_3,GTM,Guatemala,0,0,0,1.0,0.37349397590361444,mcnemar
llama3_3,GUF,French Guiana,0,0,0,1.0,0.37751004016064255,mcnemar
llama3_3,GUM,Guam,0,0,0,1.0,0.3815261044176707,mcnemar
llama3_3,GUY,Guyana,0,0,0,1.0,0.3855421686746988,mcnemar
llama3_3,HKG,Hong Kong,0,0,0,1.0,0.3895582329317269,mcnemar
llama3_3,HMD,Heard Island and McDonald Islands,0,0,0,1.0,0.39357429718875503,mcnemar
llama3_3,HND,Honduras,0,0,0,1.0,0.39759036144578314,mcnemar
llama3_3,HRV,Croatia,0,0,0,1.0,0.40160642570281124,mcnemar
llama3_3,HTI,Haiti,0,0,0,1.0,0.40562248995983935,mcnemar
llama3_3,HUN,Hungary,0,0,0,1.0,0.40963855421686746,mcnemar
llama3_3,IDN,Indonesia,0,0,0,1.0,0.41365461847389556,mcnemar
llama3_3,IMN,Isle of Man,0,0,0,1.0,0.41767068273092367,mcnemar
llama3_3,IND,India,0,0,0,1.0,0.42168674698795183,mcnemar
llama3_3,IOT,British Indian Ocean Territory,0,0,0,1.0,0.42570281124497994,mcnemar
llama3_3,IRL,Ireland,0,0,0,1.0,0.42971887550200805,mcnemar
llama3_3,IRN,"Iran, Islamic Republic of",0,0,0,1.0,0.43373493975903615,mcnemar
llama3_3,IRQ,Iraq,0,0,0,1.0,0.43775100401606426,mcnemar
llama3_3,ISL,Iceland,0,0,0,1.0,0.44176706827309237,mcnemar
llama3_3,ISR,Israel,0,0,0,1.0,0.4457831325301205,mcnemar
llama3_3,ITA,Italy,0,0,0,1.0,0.4497991967871486,mcnemar
llama3_3,JAM,Jamaica,0,0,0,1.0,0.4538152610441767,mcnemar
llama3_3,JEY,Jersey,0,0,0,1.0,0.4578313253012048,mcnemar
llama3_3,JOR,Jordan,0,0,0,1.0,0.46184738955823296,mcnemar
llama3_3,JPN,Japan,0,0,0,1.0,0.46586345381526106,mcnemar
llama3_3,KAZ,Kazakhstan,0,0,0,1.0,0.46987951807228917,mcnemar
llama3_3,KEN,Kenya,0,0,0,1.0,0.4738955823293173,mcnemar
llama3_3,KGZ,Kyrgyzstan,0,0,0,1.0,0.4779116465863454,mcnemar
llama3_3,KHM,Cambodia,0,0,0,1.0,0.4819277108433735,mcnemar
llama3_3,KIR,Kiribati,0,0,0,1.0,0.4859437751004016,mcnemar
llama3_3,KNA,Saint Kitts and Nevis,0,0,0,1.0,0.4899598393574297,mcnemar
llama3_3,KOR,"Korea, Republic of",0,0,0,1.0,0.4939759036144578,mcnemar
llama3_3,KWT,Kuwait,0,0,0,1.0,0.4979919678714859,mcnemar
llama3_3,LAO,Lao People's Democratic Republic,0,0,0,1.0,0.5020080321285141,mcnemar
llama3_3,LBN,Lebanon,0,0,0,1.0,0.5060240963855421,mcnemar
llama3_3,LBR,Liberia,0,0,0,1.0,0.5100401606425703,mcnemar
llama3_3,LBY,Libya,0,0,0,1.0,0.5140562248995983,mcnemar
llama3_3,LCA,Saint Lucia,0,0,0,1.0,0.5180722891566265,mcnemar
llama3_3,LIE,Liechtenstein,0,0,0,1.0,0.5220883534136547,mcnemar
llama3_3,LKA,Sri Lanka,0,0,0,1.0,0.5261044176706827,mcnemar
llama3_3,LSO,Lesotho,0,0,0,1.0,0.5301204819277109,mcnemar
llama3_3,LTU,Lithuania,0,0,0,1.0,0.5341365461847389,mcnemar
llama3_3,LUX,Luxembourg,0,0,0,1.0,0.5381526104417671,mcnemar
llama3_3,LVA,Latvia,0,0,0,1.0,0.5421686746987951,mcnemar
llama3_3,MAC,Macao,0,0,0,1.0,0.5461847389558233,mcnemar
llama3_3,MAF,Saint Martin (French part),0,0,0,1.0,0.5502008032128514,mcnemar
llama3_3,MAR,Morocco,0,0,0,1.0,0.5542168674698795,mcnemar
llama3_3,MCO,Monaco,0,0,0,1.0,0.5582329317269076,mcnemar
llama3_3,MDA,"Moldova, Republic of",0,0,0,1.0,0.5622489959839357,mcnemar
llama3_3,MDG,Madagascar,0,0,0,1.0,0.5662650602409639,mcnemar
llama3_3,MDV,Maldives,0,0,0,1.0,0.570281124497992,mcnemar
llama3_3,MEX,Mexico,0,0,0,1.0,0.5742971887550201,mcnemar
llama3_3,MHL,Marshall Islands,0,0,0,1.0,0.5783132530120482,mcnemar
llama3_3,MKD,North Macedonia,0,0,0,1.0,0.5823293172690763,mcnemar
llama3_3,MLI,Mali,0,0,0,1.0,0.5863453815261044,mcnemar
llama3_3,MLT,Malta,0,0,0,1.0,0.5903614457831325,mcnemar
llama3_3,MMR,Myanmar,0,0,0,1.0,0.5943775100401606,mcnemar
llama3_3,MNE,Montenegro,0,0,0,1.0,0.5983935742971888,mcnemar
llama3_3,MNG,Mongolia,0,0,0,1.0,0.6024096385542169,mcnemar
llama3_3,MNP,Northern Mariana Islands,0,0,0,1.0,0.606425702811245,mcnemar
llama3_3,MOZ,Mozambique,0,0,0,1.0,0.6104417670682731,mcnemar
llama3_3,MRT,Mauritania,0,0,0,1.0,0.6144578313253012,mcnemar
llama3_3,MSR,Montserrat,0,0,0,1.0,0.6184738955823293,mcnemar
llama3_3,MTQ,Martinique,0,0,0,1.0,0.6224899598393574,mcnemar
llama3_3,MUS,Mauritius,0,0,0,1.0,0.6265060240963856,mcnemar
llama3_3,MWI,Malawi,0,0,0,1.0,0.6305220883534136,mcnemar
llama3_3,MYS,Malaysia,0,0,0,1.0,0.6345381526104418,mcnemar
llama3_3,MYT,Mayotte,0,0,0,1.0,0.6385542168674698,mcnemar
llama3_3,NAM,Namibia,0,0,0,1.0,0.642570281124498,mcnemar
llama3_3,NCL,New Caledonia,0,0,0,1.0,0.6465863453815262,mcnemar
llama3_3,NER,Niger,0,0,0,1.0,0.6506024096385542,mcnemar
llama3_3,NFK,Norfolk Island,0,0,0,1.0,0.6546184738955824,mcnemar
llama3_3,NGA,Nigeria,0,0,0,1.0,0.6586345381526104,mcnemar
llama3_3,NIC,Nicaragua,0,0,0,1.0,0.6626506024096386,mcnemar
llama3_3,NIU,Niue,0,0,0,1.0,0.6666666666666666,mcnemar
llama3_3,NLD,Netherlands,0,0,0,1.0,0.6706827309236948,mcnemar
llama3_3,NOR,Norway,0,0,0,1.0,0.6746987951807228,mcnemar
llama3_3,NPL,Nepal,0,0,0,1.0,0.678714859437751,mcnemar
llama3_3,NRU,Nauru,0,0,0,1.0,0.6827309236947792,mcnemar
llama3_3,NZL,New Zealand,0,0,0,1.0,0.6867469879518072,mcnemar
llama3_3,OMN,Oman,0,0,0,1.0,0.6907630522088354,mcnemar
llama3_3,PAK,Pakistan,0,0,0,1.0,0.6947791164658634,mcnemar
llama3_3,PAN,Panama,0,0,0,1.0,0.6987951807228916,mcnemar
llama3_3,PCN,Pitcairn,0,0,0,1.0,0.7028112449799196,mcnemar
llama3_3,PER,Peru,0,0,0,1.0,0.7068273092369478,mcnemar
llama3_3,PHL,Philippines,0,0,0,1.0,0.7108433734939759,mcnemar
llama3_3,PLW,Palau,0,0,0,1.0,0.714859437751004,mcnemar
llama3_3,PNG,Papua New Guinea,0,0,0,1.0,0.7188755020080321,mcnemar
llama3_3,POL,Poland,0,0,0,1.0,0.7228915662650602,mcnemar
llama3_3,PRI,Puerto Rico,0,0,0,1.0,0.7269076305220884,mcnemar
llama3_3,PRK,"Korea, Democratic People's Republic of",0,0,0,1.0,0.7309236947791165,mcnemar
llama3_3,PRT,Portugal,0,0,0,1.0,0.7349397590361446,mcnemar
llama3_3,PRY,Paraguay,0,0,0,1.0,0.7389558232931727,mcnemar
llama3_3,PSE,"Palestine, State of",0,0,0,1.0,0.7429718875502008,mcnemar
llama3_3,PYF,French Polynesia,0,0,0,1.0,0.7469879518072289,mcnemar
llama3_3,QAT,Qatar,0,0,0,1.0,0.751004016064257,mcnemar
llama3_3,REU,Réunion,0,0,0,1.0,0.7550200803212851,mcnemar
llama3_3,ROU,Romania,0,0,0,1.0,0.7590361445783133,mcnemar
llama3_3,RUS,Russian Federation,0,0,0,1.0,0.7630522088353414,mcnemar
llama3_3,RWA,Rwanda,0,0,0,1.0,0.7670682730923695,mcnemar
llama3_3,SAU,Saudi Arabia,0,0,0,1.0,0.7710843373493976,mcnemar
llama3_3,SDN,Sudan,0,0,0,1.0,0.7751004016064257,mcnemar
llama3_3,SEN,Senegal,0,0,0,1.0,0.7791164658634538,mcnemar
llama3_3,SGP,Singapore,0,0,0,1.0,0.7831325301204819,mcnemar
llama3_3,SGS,South Georgia and the South Sandwich Islands,0,0,0,1.0,0.7871485943775101,mcnemar
llama3_3,SHN,"Saint Helena, Ascension and Tristan da Cunha",0,0,0,1.0,0.7911646586345381,mcnemar
llama3_3,SJM,Svalbard and Jan Mayen,0,0,0,1.0,0.7951807228915663,mcnemar
llama3_3,SLB,Solomon Islands,0,0,0,1.0,0.7991967871485943,mcnemar
llama3_3,SLE,Sierra Leone,0,0,0,1.0,0.8032128514056225,mcnemar
llama3_3,SLV,El Salvador,0,0,0,1.0,0.8072289156626506,mcnemar
llama3_3,SMR,San Marino,0,0,0,1.0,0.8112449799196787,mcnemar
llama3_3,SOM,Somalia,0,0,0,1.0,0.8152610441767069,mcnemar
llama3_3,SPM,Saint Pierre and Miquelon,0,0,0,1.0,0.8192771084337349,mcnemar
llama3_3,SRB,Serbia,0,0,0,1.0,0.8232931726907631,mcnemar
llama3_3,SSD,South Sudan,0,0,0,1.0,0.8273092369477911,mcnemar
llama3_3,STP,Sao Tome and Principe,0,0,0,1.0,0.8313253012048193,mcnemar
llama3_3,SUR,Suriname,0,0,0,1.0,0.8353413654618473,mcnemar
llama3_3,SVK,Slovakia,0,0,0,1.0,0.8393574297188755,mcnemar
llama3_3,SVN,Slovenia,0,0,0,1.0,0.8433734939759037,mcnemar
llama3_3,SWE,Sweden,0,0,0,1.0,0.8473895582329317,mcnemar
llama3_3,SWZ,Eswatini,0,0,0,1.0,0.8514056224899599,mcnemar
llama3_3,SXM,Sint Maarten (Dutch part),0,0,0,1.0,0.8554216867469879,mcnemar
llama3_3,SYC,Seychelles,0,0,0,1.0,0.8594377510040161,mcnemar
llama3_3,SYR,Syrian Arab Republic,0,0,0,1.0,0.8634538152610441,mcnemar
llama3_3,TCA,Turks and Caicos Islands,0,0,0,1.0,0.8674698795180723,mcnemar
llama3_3,TCD,Chad,0,0,0,1.0,0.8714859437751004,mcnemar
llama3_3,TGO,Togo,0,0,0,1.0,0.8755020080321285,mcnemar
llama3_3,THA,Thailand,0,0,0,1.0,0.8795180722891566,mcnemar
llama3_3,TJK,Tajikistan,0,0,0,1.0,0.8835341365461847,mcnemar
llama3_3,TKL,Tokelau,0,0,0,1.0,0.8875502008032129,mcnemar
llama3_3,TKM,Turkmenistan,0,0,0,1.0,0.891566265060241,mcnemar
llama3_3,TLS,Timor-Leste,0,0,0,1.0,0.8955823293172691,mcnemar
llama3_3,TON,Tonga,0,0,0,1.0,0.8995983935742972,mcnemar
llama3_3,TTO,Trinidad and Tobago,0,0,0,1.0,0.9036144578313253,mcnemar
llama3_3,TUN,Tunisia,0,0,0,1.0,0.9076305220883534,mcnemar
llama3_3,TUR,Turkey,0,0,0,1.0,0.9116465863453815,mcnemar
llama3_3,TUV,Tuvalu,0,0,0,1.0,0.9156626506024096,mcnemar
llama3_3,TWN,"Taiwan, Province of China",0,0,0,1.0,0.9196787148594378,mcnemar
llama3_3,TZA,"Tanzania, United Republic of",0,0,0,1.0,0.9236947791164659,mcnemar
llama3_3,UGA,Uganda,0,0,0,1.0,0.927710843373494,mcnemar
llama3_3,UKR,Ukraine,0,0,0,1.0,0.9317269076305221,mcnemar
llama3_3,UMI,United States Minor Outlying Islands,0,0,0,1.0,0.9357429718875502,mcnemar
llama3_3,URY,Uruguay,0,0,0,1.0,0.9397590361445783,mcnemar
llama3_3,USA,United States,0,0,0,1.0,0.9437751004016064,mcnemar
llama3_3,UZB,Uzbekistan,0,0,0,1.0,0.9477911646586346,mcnemar
llama3_3,VAT,Holy See (Vatican City State),0,0,0,1.0,0.9518072289156626,mcnemar
llama3_3,VCT,Saint Vincent and the Grenadines,0,0,0,1.0,0.9558232931726908,mcnemar
llama3_3,VEN,"Venezuela, Bolivarian Republic of",0,0,0,1.0,0.9598393574297188,mcnemar
llama3_3,VGB,"Virgin Islands, British",0,0,0,1.0,0.963855421686747,mcnemar
llama3_3,VIR,"Virgin Islands, U.S.",0,0,0,1.0,0.9678714859437751,mcnemar
llama3_3,VNM,Viet Nam,0,0,0,1.0,0.9718875502008032,mcnemar
llama3_3,VUT,Vanuatu,0,0,0,1.0,0.9759036144578314,mcnemar
llama3_3,WLF,Wallis and Futuna,0,0,0,1.0,0.9799196787148594,mcnemar
llama3_3,WSM,Samoa,0,0,0,1.0,0.9839357429718876,mcnemar
llama3_3,YEM,Yemen,0,0,0,1.0,0.9879518072289156,mcnemar
llama3_3,ZAF,South Africa,0,0,0,1.0,0.9919678714859438,mcnemar
llama3_3,ZMB,Zambia,0,0,0,1.0,0.9959839357429718,mcnemar
llama3_3,ZWE,Zimbabwe,0,0,0,1.0,1.0,mcnemar
qwen2_5,ABW,Aruba,0,0,0,1.0,0.004016064257028112,mcnemar
qwen2_5,AFG,Afghanistan,0,0,0,1.0,0.008032128514056224,mcnemar
qwen2_5,AGO,Angola,0,0,0,1.0,0.012048192771084338,mcnemar
qwen2_5,AIA,Anguilla,0,0,0,1.0,0.01606425702811245,mcnemar
qwen2_5,ALA,Åland Islands,0,0,0,1.0,0.020080321285140562,mcnemar
qwen2_5,ALB,Albania,0,0,0,1.0,0.024096385542168676,mcnemar
qwen2_5,AND,Andorra,0,0,0,1.0,0.028112449799196786,mcnemar
qwen2_5,ARE,United Arab Emirates,0,0,0,1.0,0.0321285140562249,mcnemar
qwen2_5,ARG,Argentina,0,0,0,1.0,0.03614457831325301,mcnemar
qwen2_5,ARM,Armenia,0,0,0,1.0,0.040160642570281124,mcnemar
qwen2_5,ASM,American Samoa,0,0,0,1.0,0.04417670682730924,mcnemar
qwen2_5,ATA,Antarctica,0,0,0,1.0,0.04819277108433735,mcnemar
qwen2_5,ATF,French Southern Territories,0,0,0,1.0,0.05220883534136546,mcnemar
qwen2_5,ATG,Antigua and Barbuda,0,0,0,1.0,0.05622489959839357,mcnemar
qwen2_5,AUS,Australia,0,0,0,1.0,0.060240963855421686,mcnemar
qwen2_5,AUT,Austria,0,0,0,1.0,0.0642570281124498,mcnemar
qwen2_5,AZE,Azerbaijan,0,0,0,1.0,0.06827309236947791,mcnemar
qwen2_5,BDI,Burundi,0,0,0,1.0,0.07228915662650602,mcnemar
qwen2_5,BEL,Belgium,0,0,0,1.0,0.07630522088353414,mcnemar
qwen2_5,BEN,Benin,0,0,0,1.0,0.08032128514056225,mcnemar
qwen2_5,BES,"Bonaire, Sint Eustatius and Saba",0,0,0,1.0,0.08433734939759036,mcnemar
qwen2_5,BFA,Burkina Faso,0,0,0,1.0,0.08835341365461848,mcnemar
qwen2_5,BGD,Bangladesh,0,0,0,1.0,0.09236947791164658,mcnemar
qwen2_5,BGR,Bulgaria,0,0,0,1.0,0.0963855421686747,mcnemar
qwen2_5,BHR,Bahrain,0,0,0,1.0,0.10040160642570281,mcnemar
qwen2_5,BHS,Bahamas,0,0,0,1.0,0.10441767068273092,mcnemar
qwen2_5,BIH,Bosnia and Herzegovina,0,0,0,1.0,0.10843373493975904,mcnemar
qwen2_5,BLM,Saint Barthélemy,0,0,0,1.0,0.11244979919678715,mcnemar
qwen2_5,BLR,Belarus,0,0,0,1.0,0.11646586345381527,mcnemar
qwen2_5,BLZ,Belize,0,0,0,1.0,0.12048192771084337,mcnemar
qwen2_5,BMU,Bermuda,0,0,0,1.0,0.12449799196787148,mcnemar
qwen2_5,BOL,"Bolivia, Plurinational State of",0,0,0,1.0,0.1285140562248996,mcnemar
qwen2_5,BRA,Brazil,0,0,0,1.0,0.13253012048192772,mcnemar
qwen2_5,BRB,Barbados,0,0,0,1.0,0.13654618473895583,mcnemar
qwen2_5,BRN,Brunei Darussalam,0,0,0,1.0,0.14056224899598393,mcnemar
qwen2_5,BTN,Bhutan,0,0,0,1.0,0.14457831325301204,mcnemar
qwen2_5,BVT,Bouvet Island,0,0,0,1.0,0.14859437751004015,mcnemar
qwen2_5,BWA,Botswana,0,0,0,1.0,0.15261044176706828,mcnemar
qwen2_5,CAF,Central African Republic,0,0,0,1.0,0.1566265060240964,mcnemar
qwen2_5,CAN,Canada,0,0,0,1.0,0.1606425702811245,mcnemar
qwen2_5,CCK,Cocos (Keeling) Islands,0,0,0,1.0,0.1646586345381526,mcnemar
qwen2_5,CHE,Switzerland,0,0,0,1.0,0.1686746987951807,mcnemar
qwen2_5,CHL,Chile,0,0,0,1.0,0.17269076305220885,mcnemar
qwen2_5,CHN,China,0,0,0,1.0,0.17670682730923695,mcnemar
qwen2_5,CIV,Côte d'Ivoire,0,0,0,1.0,0.18072289156626506,mcnemar
qwen2_5,CMR,Cameroon,0,0,0,1.0,0.18473895582329317,mcnemar
qwen2_5,COD,"Congo, The Democratic Republic of the",0,0,0,1.0,0.18875502008032127,mcnemar
qwen2_5,COG,Congo,0,0,0,1.0,0.1927710843373494,mcnemar
qwen2_5,COK,Cook Islands,0,0,0,1.0,0.19678714859437751,mcnemar
qwen2_5,COL,Colombia,0,0,0,1.0,0.20080321285140562,mcnemar
qwen2_5,COM,Comoros,0,0,0,1.0,0.20481927710843373,mcnemar
qwen2_5,CPV,Cabo Verde,0,0,0,1.0,0.20883534136546184,mcnemar
qwen2_5,CRI,Costa Rica,0,0,0,1.0,0.21285140562248997,mcnemar
qwen2_5,CUB,Cuba,0,0,0,1.0,0.21686746987951808,mcnemar
qwen2_5,CUW,Curaçao,0,0,0,1.0,0.22088353413654618,mcnemar
qwen2_5,CXR,Christmas Island,0,0,0,1.0,0.2248995983935743,mcnemar
qwen2_5,CYM,Cayman Islands,0,0,0,1.0,0.2289156626506024,mcnemar
qwen2_5,CYP,Cyprus,0,0,0,1.0,0.23293172690763053,mcnemar
qwen2_5,CZE,Czechia,0,0,0,1.0,0.23694779116465864,mcnemar
qwen2_5,DEU,Germany,0,0,0,1.0,0.24096385542168675,mcnemar
qwen2_5,DJI,Djibouti,0,0,0,1.0,0.24497991967871485,mcnemar
qwen2_5,DMA,Dominica,0,0,0,1.0,0.24899598393574296,mcnemar
qwen2_5,DNK,Denmark,0,0,0,1.0,0.25301204819277107,mcnemar
qwen2_5,DOM,Dominican Republic,0,0,0,1.0,0.2570281124497992,mcnemar
qwen2_5,DZA,Algeria,0,0,0,1.0,0.26104417670682734,mcnemar
qwen2_5,ECU,Ecuador,0,0,0,1.0,0.26506024096385544,mcnemar
qwen2_5,EGY,Egypt,0,0,0,1.0,0.26907630522088355,mcnemar
qwen2_5,ERI,Eritrea,0,0,0,1.0,0.27309236947791166,mcnemar
qwen2_5,ESH,Western Sahara,0,0,0,1.0,0.27710843373493976,mcnemar
qwen2_5,ESP,Spain,0,0,0,1.0,0.28112449799196787,mcnemar
qwen2_5,EST,Estonia,0,0,0,1.0,0.285140562248996,mcnemar
qwen2_5,ETH,Ethiopia,0,0,0,1.0,0.2891566265060241,mcnemar
qwen2_5,FIN,Finland,0,0,0,1.0,0.2931726907630522,mcnemar
qwen2_5,FJI,Fiji,0,0,0,1.0,0.2971887550200803,mcnemar
qwen2_5,FLK,Falkland Islands (Malvinas),0,0,0,1.0,0.30120481927710846,mcnemar
qwen2_5,FRA,France,0,0,0,1.0,0.30522088353413657,mcnemar
qwen2_5,FRO,Faroe Islands,0,0,0,1.0,0.3092369477911647,mcnemar
qwen2_5,FSM,"Micronesia, Federated States of",0,0,0,1.0,0.3132530120481928,mcnemar
qwen2_5,GAB,Gabon,0,0,0,1.0,0.3172690763052209,mcnemar
qwen2_5,GBR,United Kingdom,0,0,0,1.0,0.321285140562249,mcnemar
qwen2_5,GEO,Georgia,0,0,0,1.0,0.3253012048192771,mcnemar
qwen2_5,GGY,Guernsey,0,0,0,1.0,0.3293172690763052,mcnemar
qwen2_5,GHA,Ghana,0,0,0,1.0,0.3333333333333333,mcnemar
qwen2_5,GIB,Gibraltar,0,0,0,1.0,0.3373493975903614,mcnemar
qwen2_5,GIN,Guinea,0,0,0,1.0,0.3413654618473896,mcnemar
qwen2_5,GLP,Guadeloupe,0,0,0,1.0,0.3453815261044177,mcnemar
qwen2_5,GMB,Gambia,0,0,0,1.0,0.3493975903614458,mcnemar
qwen2_5,GNB,Guinea-Bissau,0,0,0,1.0,0.3534136546184739,mcnemar
qwen2_5,GNQ,Equatorial Guinea,0,0,0,1.0,0.357429718875502,mcnemar
qwen2_5,GRC,Greece,0,0,0,1.0,0.3614457831325301,mcnemar
qwen2_5,GRD,Grenada,0,0,0,1.0,0.3654618473895582,mcnemar
qwen2_5,GRL,Greenland,0,0,0,1.0,0.36947791164658633,mcnemar
qwen2_5,GTM,Guatemala,0,0,0,1.0,0.37349397590361444,mcnemar
qwen2_5,GUF,French Guiana,0,0,0,1.0,0.37751004016064255,mcnemar
qwen2_5,GUM,Guam,0,0,0,1.0,0.3815261044176707,mcnemar
qwen2_5,GUY,Guyana,0,0,0,1.0,0.3855421686746988,mcnemar
qwen2_5,HKG,Hong Kong,0,0,0,1.0,0.3895582329317269,mcnemar
qwen2_5,HMD,Heard Island and McDonald Islands,0,0,0,1.0,0.39357429718875503,mcnemar
qwen2_5,HND,Honduras,0,0,0,1.0,0.39759036144578314,mcnemar
qwen2_5,HRV,Croatia,0,0,0,1.0,0.40160642570281124,mcnemar
qwen2_5,HTI,Haiti,0,0,0,1.0,0.40562248995983935,mcnemar
qwen2_5,HUN,Hungary,0,0,0,1.0,0.40963855421686746,mcnemar
qwen2_5,IDN,Indonesia,0,0,0,1.0,0.41365461847389556,mcnemar
qwen2_5,IMN,Isle of Man,0,0,0,1.0,0.41767068273092367,mcnemar
qwen2_5,IND,India,0,0,0,1.0,0.42168674698795183,mcnemar
qwen2_5,IOT,British Indian Ocean Territory,0,0,0,1.0,0.42570281124497994,mcnemar
qwen2_5,IRL,Ireland,0,0,0,1.0,0.42971887550200805,mcnemar
qwen2_5,IRN,"Iran, Islamic Republic of",0,0,0,1.0,0.43373493975903615,mcnemar
qwen2_5,IRQ,Iraq,0,0,0,1.0,0.43775100401606426,mcnemar
qwen2_5,ISL,Iceland,0,0,0,1.0,0.44176706827309237,mcnemar
qwen2_5,ISR,Israel,0,0,0,1.0,0.4457831325301205,mcnemar
qwen2_5,ITA,Italy,0,0,0,1.0,0.4497991967871486,mcnemar
qwen2_5,JAM,Jamaica,0,0,0,1.0,0.4538152610441767,mcnemar
qwen2_5,JEY,Jersey,0,0,0,1.0,0.4578313253012048,mcnemar
qwen2_5,JOR,Jordan,0,0,0,1.0,0.46184738955823296,mcnemar
qwen2_5,JPN,Japan,0,0,0,1.0,0.46586345381526106,mcnemar
qwen2_5,KAZ,Kazakhstan,0,0,0,1.0,0.46987951807228917,mcnemar
qwen2_5,KEN,Kenya,0,0,0,1.0,0.4738955823293173,mcnemar
qwen2_5,KGZ,Kyrgyzstan,0,0,0,1.0,0.4779116465863454,mcnemar
qwen2_5,KHM,Cambodia,0,0,0,1.0,0.4819277108433735,mcnemar
qwen2_5,KIR,Kiribati,0,0,0,1.0,0.4859437751004016,mcnemar
qwen2_5,KNA,Saint Kitts and Nevis,0,0,0,1.0,0.4899598393574297,mcnemar
qwen2_5,KOR,"Korea, Republic of",0,0,0,1.0,0.4939759036144578,mcnemar
qwen2_5,KWT,Kuwait,0,0,0,1.0,0.4979919678714859,mcnemar
qwen2_5,LAO,Lao People's Democratic Republic,0,0,0,1.0,0.5020080321285141,mcnemar
qwen2_5,LBN,Lebanon,0,0,0,1.0,0.5060240963855421,mcnemar
qwen2_5,LBR,Liberia,0,0,0,1.0,0.5100401606425703,mcnemar
qwen2_5,LBY,Libya,0,0,0,1.0,0.5140562248995983,mcnemar
qwen2_5,LCA,Saint Lucia,0,0,0,1.0,0.5180722891566265,mcnemar
qwen2_5,LIE,Liechtenstein,0,0,0,1.0,0.5220883534136547,mcnemar
qwen2_5,LKA,Sri Lanka,0,0,0,1.0,0.5261044176706827,mcnemar
qwen2_5,LSO,Lesotho,0,0,0,1.0,0.5301204819277109,mcnemar
qwen2_5,LTU,Lithuania,0,0,0,1.0,0.5341365461847389,mcnemar
qwen2_5,LUX,Luxembourg,0,0,0,1.0,0.5381526104417671,mcnemar
qwen2_5,LVA,Latvia,0,0,0,1.0,0.5421686746987951,mcnemar
qwen2_5,MAC,Macao,0,0,0,1.0,0.5461847389558233,mcnemar
qwen2_5,MAF,Saint Martin (French part),0,0,0,1.0,0.5502008032128514,mcnemar
qwen2_5,MAR,Morocco,0,0,0,1.0,0.5542168674698795,mcnemar
qwen2_5,MCO,Monaco,0,0,0,1.0,0.5582329317269076,mcnemar
qwen2_5,MDA,"Moldova, Republic of",0,0,0,1.0,0.5622489959839357,mcnemar
qwen2_5,MDG,Madagascar,0,0,0,1.0,0.5662650602409639,mcnemar
qwen2_5,MDV,Maldives,0,0,0,1.0,0.570281124497992,mcnemar
qwen2_5,MEX,Mexico,0,0,0,1.0,0.5742971887550201,mcnemar
qwen2_5,MHL,Marshall Islands,0,0,0,1.0,0.5783132530120482,mcnemar
qwen2_5,MKD,North Macedonia,0,0,0,1.0,0.5823293172690763,mcnemar
qwen2_5,MLI,Mali,0,0,0,1.0,0.5863453815261044,mcnemar
qwen2_5,MLT,Malta,0,0,0,1.0,0.5903614457831325,mcnemar
qwen2_5,MMR,Myanmar,0,0,0,1.0,0.5943775100401606,mcnemar
qwen2_5,MNE,Montenegro,0,0,0,1.0,0.5983935742971888,mcnemar
qwen2_5,MNG,Mongolia,0,0,0,1.0,0.6024096385542169,mcnemar
qwen2_5,MNP,Northern Mariana Islands,0,0,0,1.0,0.606425702811245,mcnemar
qwen2_5,MOZ,Mozambique,0,0,0,1.0,0.6104417670682731,mcnemar
qwen2_5,MRT,Mauritania,0,0,0,1.0,0.6144578313253012,mcnemar
qwen2_5,MSR,Montserrat,0,0,0,1.0,0.6184738955823293,mcnemar
qwen2_5,MTQ,Martinique,0,0,0,1.0,0.6224899598393574,mcnemar
qwen2_5,MUS,Mauritius,0,0,0,1.0,0.6265060240963856,mcnemar
qwen2_5,MWI,Malawi,0,0,0,1.0,0.6305220883534136,mcnemar
qwen2_5,MYS,Malaysia,0,0,0,1.0,0.6345381526104418,mcnemar
qwen2_5,MYT,Mayotte,0,0,0,1.0,0.6385542168674698,mcnemar
qwen2_5,NAM,Namibia,0,0,0,1.0,0.642570281124498,mcnemar
qwen2_5,NCL,New Caledonia,0,0,0,1.0,0.6465863453815262,mcnemar
qwen2_5,NER,Niger,0,0,0,1.0,0.6506024096385542,mcnemar
qwen2_5,NFK,Norfolk Island,0,0,0,1.0,0.6546184738955824,mcnemar
qwen2_5,NGA,Nigeria,0,0,0,1.0,0.6586345381526104,mcnemar
qwen2_5,NIC,Nicaragua,0,0,0,1.0,0.6626506024096386,mcnemar
qwen2_5,NIU,Niue,0,0,0,1.0,0.6666666666666666,mcnemar
qwen2_5,NLD,Netherlands,0,0,0,1.0,0.6706827309236948,mcnemar
qwen2_5,NOR,Norway,0,0,0,1.0,0.6746987951807228,mcnemar
qwen2_5,NPL,Nepal,0,0,0,1.0,0.678714859437751,mcnemar
qwen2_5,NRU,Nauru,0,0,0,1.0,0.6827309236947792,mcnemar
qwen2_5,NZL,New Zealand,0,0,0,1.0,0.6867469879518072,mcnemar
qwen2_5,OMN,Oman,0,0,0,1.0,0.6907630522088354,mcnemar
qwen2_5,PAK,Pakistan,0,0,0,1.0,0.6947791164658634,mcnemar
qwen2_5,PAN,Panama,0,0,0,1.0,0.6987951807228916,mcnemar
qwen2_5,PCN,Pitcairn,0,0,0,1.0,0.7028112449799196,mcnemar
qwen2_5,PER,Peru,0,0,0,1.0,0.7068273092369478,mcnemar
qwen2_5,PHL,Philippines,0,0,0,1.0,0.7108433734939759,mcnemar
qwen2_5,PLW,Palau,0,0,0,1.0,0.714859437751004,mcnemar
qwen2_5,PNG,Papua New Guinea,0,0,0,1.0,0.7188755020080321,mcnemar
qwen2_5,POL,Poland,0,0,0,1.0,0.7228915662650602,mcnemar
qwen2_5,PRI,Puerto Rico,0,0,0,1.0,0.7269076305220884,mcnemar
qwen2_5,PRK,"Korea, Democratic People's Republic of",0,0,0,1.0,0.7309236947791165,mcnemar
qwen2_5,PRT,Portugal,0,0,0,1.0,0.7349397590361446,mcnemar
qwen2_5,PRY,Paraguay,0,0,0,1.0,0.7389558232931727,mcnemar
qwen2_5,PSE,"Palestine, State of",0,0,0,1.0,0.7429718875502008,mcnemar
qwen2_5,PYF,French Polynesia,0,0,0,1.0,0.7469879518072289,mcnemar
qwen2_5,QAT,Qatar,0,0,0,1.0,0.751004016064257,mcnemar
qwen2_5,REU,Réunion,0,0,0,1.0,0.7550200803212851,mcnemar
qwen2_5,ROU,Romania,0,0,0,1.0,0.7590361445783133,mcnemar
qwen2_5,RUS,Russian Federation,0,0,0,1.0,0.7630522088353414,mcnemar
qwen2_5,RWA,Rwanda,0,0,0,1.0,0.7670682730923695,mcnemar
qwen2_5,SAU,Saudi Arabia,0,0,0,1.0,0.7710843373493976,mcnemar
qwen2_5,SDN,Sudan,0,0,0,1.0,0.7751004016064257,mcnemar
qwen2_5,SEN,Senegal,0,0,0,1.0,0.7791164658634538,mcnemar
qwen2_5,SGP,Singapore,0,0,0,1.0,0.7831325301204819,mcnemar
qwen2_5,SGS,South Georgia and the South Sandwich Islands,0,0,0,1.0,0.7871485943775101,mcnemar
qwen2_5,SHN,"Saint Helena, Ascension and Tristan da Cunha",0,0,0,1.0,0.7911646586345381,mcnemar
qwen2_5,SJM,Svalbard and Jan Mayen,0,0,0,1.0,0.7951807228915663,mcnemar
qwen2_5,SLB,Solomon Islands,0,0,0,1.0,0.7991967871485943,mcnemar
qwen2_5,SLE,Sierra Leone,0,0,0,1.0,0.8032128514056225,mcnemar
qwen2_5,SLV,El Salvador,0,0,0,1.0,0.8072289156626506,mcnemar
qwen2_5,SMR,San Marino,0,0,0,1.0,0.8112449799196787,mcnemar
qwen2_5,SOM,Somalia,0,0,0,1.0,0.8152610441767069,mcnemar
qwen2_5,SPM,Saint Pierre and Miquelon,0,0,0,1.0,0.8192771084337349,mcnemar
qwen2_5,SRB,Serbia,0,0,0,1.0,0.8232931726907631,mcnemar
qwen2_5,SSD,South Sudan,0,0,0,1.0,0.8273092369477911,mcnemar
qwen2_5,STP,Sao Tome and Principe,0,0,0,1.0,0.8313253012048193,mcnemar
qwen2_5,SUR,Suriname,0,0,0,1.0,0.8353413654618473,mcnemar
qwen2_5,SVK,Slovakia,0,0,0,1.0,0.8393574297188755,mcnemar
qwen2_5,SVN,Slovenia,0,0,0,1.0,0.8433734939759037,mcnemar
qwen2_5,SWE,Sweden,0,0,0,1.0,0.8473895582329317,mcnemar
qwen2_5,SWZ,Eswatini,0,0,0,1.0,0.8514056224899599,mcnemar
qwen2_5,SXM,Sint Maarten (Dutch part),0,0,0,1.0,0.8554216867469879,mcnemar
qwen2_5,SYC,Seychelles,0,0,0,1.0,0.8594377510040161,mcnemar
qwen2_5,SYR,Syrian Arab Republic,0,0,0,1.0,0.8634538152610441,mcnemar
qwen2_5,TCA,Turks and Caicos Islands,0,0,0,1.0,0.8674698795180723,mcnemar
qwen2_5,TCD,Chad,0,0,0,1.0,0.8714859437751004,mcnemar
qwen2_5,TGO,Togo,0,0,0,1.0,0.8755020080321285,mcnemar
qwen2_5,THA,Thailand,0,0,0,1.0,0.8795180722891566,mcnemar
qwen2_5,TJK,Tajikistan,0,0,0,1.0,0.8835341365461847,mcnemar
qwen2_5,TKL,Tokelau,0,0,0,1.0,0.8875502008032129,mcnemar
qwen2_5,TKM,Turkmenistan,0,0,0,1.0,0.891566265060241,mcnemar
qwen2_5,TLS,Timor-Leste,0,0,0,1.0,0.8955823293172691,mcnemar
qwen2_5,TON,Tonga,0,0,0,1.0,0.8995983935742972,mcnemar
qwen2_5,TTO,Trinidad and Tobago,0,0,0,1.0,0.9036144578313253,mcnemar
qwen2_5,TUN,Tunisia,0,0,0,1.0,0.9076305220883534,mcnemar
qwen2_5,TUR,Turkey,0,0,0,1.0,0.9116465863453815,mcnemar
qwen2_5,TUV,Tuvalu,0,0,0,1.0,0.9156626506024096,mcnemar
qwen2_5,TWN,"Taiwan, Province of China",0,0,0,1.0,0.9196787148594378,mcnemar
qwen2_5,TZA,"Tanzania, United Republic of",0,0,0,1.0,0.9236947791164659,mcnemar
qwen2_5,UGA,Uganda,0,0,0,1.0,0.927710843373494,mcnemar
qwen2_5,UKR,Ukraine,0,0,0,1.0,0.9317269076305221,mcnemar
qwen2_5,UMI,United States Minor Outlying Islands,0,0,0,1.0,0.9357429718875502,mcnemar
qwen2_5,URY,Uruguay,0,0,0,1.0,0.9397590361445783,mcnemar
qwen2_5,USA,United States,0,0,0,1.0,0.9437751004016064,mcnemar
qwen2_5,UZB,Uzbekistan,0,0,0,1.0,0.9477911646586346,mcnemar
qwen2_5,VAT,Holy See (Vatican City State),0,0,0,1.0,0.9518072289156626,mcnemar
qwen2_5,VCT,Saint Vincent and the Grenadines,0,0,0,1.0,0.9558232931726908,mcnemar
qwen2_5,VEN,"Venezuela, Bolivarian Republic of",0,0,0,1.0,0.9598393574297188,mcnemar
qwen2_5,VGB,"Virgin Islands, British",0,0,0,1.0,0.963855421686747,mcnemar
qwen2_5,VIR,"Virgin Islands, U.S.",0,0,0,1.0,0.9678714859437751,mcnemar
qwen2_5,VNM,Viet Nam,0,0,0,1.0,0.9718875502008032,mcnemar
qwen2_5,VUT,Vanuatu,0,0,0,1.0,0.9759036144578314,mcnemar
qwen2_5,WLF,Wallis and Futuna,0,0,0,1.0,0.9799196787148594,mcnemar
qwen2_5,WSM,Samoa,0,0,0,1.0,0.9839357429718876,mcnemar
qwen2_5,YEM,Yemen,0,0,0,1.0,0.9879518072289156,mcnemar
qwen2_5,ZAF,South Africa,0,0,0,1.0,0.9919678714859438,mcnemar
qwen2_5,ZMB,Zambia,0,0,0,1.0,0.9959839357429718,mcnemar
qwen2_5,ZWE,Zimbabwe,0,0,0,1.0,1.0,mcnemar
